--
-- PostgreSQL database dump
--

-- Dumped from database version 15.12 (Debian 15.12-1.pgdg120+1)
-- Dumped by pg_dump version 15.12 (Debian 15.12-1.pgdg120+1)

SET statement_timeout = 0;
SET lock_timeout = 0;
SET idle_in_transaction_session_timeout = 0;
SET client_encoding = 'UTF8';
SET standard_conforming_strings = on;
SELECT pg_catalog.set_config('search_path', '', false);
SET check_function_bodies = false;
SET xmloption = content;
SET client_min_messages = warning;
SET row_security = off;

SET default_tablespace = '';

SET default_table_access_method = heap;

--
-- Name: auth_group; Type: TABLE; Schema: public; Owner: postgresuser
--

CREATE TABLE public.auth_group (
    id integer NOT NULL,
    name character varying(150) NOT NULL
);


ALTER TABLE public.auth_group OWNER TO postgresuser;

--
-- Name: auth_group_id_seq; Type: SEQUENCE; Schema: public; Owner: postgresuser
--

ALTER TABLE public.auth_group ALTER COLUMN id ADD GENERATED BY DEFAULT AS IDENTITY (
    SEQUENCE NAME public.auth_group_id_seq
    START WITH 1
    INCREMENT BY 1
    NO MINVALUE
    NO MAXVALUE
    CACHE 1
);


--
-- Name: auth_group_permissions; Type: TABLE; Schema: public; Owner: postgresuser
--

CREATE TABLE public.auth_group_permissions (
    id bigint NOT NULL,
    group_id integer NOT NULL,
    permission_id integer NOT NULL
);


ALTER TABLE public.auth_group_permissions OWNER TO postgresuser;

--
-- Name: auth_group_permissions_id_seq; Type: SEQUENCE; Schema: public; Owner: postgresuser
--

ALTER TABLE public.auth_group_permissions ALTER COLUMN id ADD GENERATED BY DEFAULT AS IDENTITY (
    SEQUENCE NAME public.auth_group_permissions_id_seq
    START WITH 1
    INCREMENT BY 1
    NO MINVALUE
    NO MAXVALUE
    CACHE 1
);


--
-- Name: auth_permission; Type: TABLE; Schema: public; Owner: postgresuser
--

CREATE TABLE public.auth_permission (
    id integer NOT NULL,
    name character varying(255) NOT NULL,
    content_type_id integer NOT NULL,
    codename character varying(100) NOT NULL
);


ALTER TABLE public.auth_permission OWNER TO postgresuser;

--
-- Name: auth_permission_id_seq; Type: SEQUENCE; Schema: public; Owner: postgresuser
--

ALTER TABLE public.auth_permission ALTER COLUMN id ADD GENERATED BY DEFAULT AS IDENTITY (
    SEQUENCE NAME public.auth_permission_id_seq
    START WITH 1
    INCREMENT BY 1
    NO MINVALUE
    NO MAXVALUE
    CACHE 1
);


--
-- Name: auth_user; Type: TABLE; Schema: public; Owner: postgresuser
--

CREATE TABLE public.auth_user (
    id integer NOT NULL,
    password character varying(128) NOT NULL,
    last_login timestamp with time zone,
    is_superuser boolean NOT NULL,
    username character varying(150) NOT NULL,
    first_name character varying(150) NOT NULL,
    last_name character varying(150) NOT NULL,
    email character varying(254) NOT NULL,
    is_staff boolean NOT NULL,
    is_active boolean NOT NULL,
    date_joined timestamp with time zone NOT NULL
);


ALTER TABLE public.auth_user OWNER TO postgresuser;

--
-- Name: auth_user_groups; Type: TABLE; Schema: public; Owner: postgresuser
--

CREATE TABLE public.auth_user_groups (
    id bigint NOT NULL,
    user_id integer NOT NULL,
    group_id integer NOT NULL
);


ALTER TABLE public.auth_user_groups OWNER TO postgresuser;

--
-- Name: auth_user_groups_id_seq; Type: SEQUENCE; Schema: public; Owner: postgresuser
--

ALTER TABLE public.auth_user_groups ALTER COLUMN id ADD GENERATED BY DEFAULT AS IDENTITY (
    SEQUENCE NAME public.auth_user_groups_id_seq
    START WITH 1
    INCREMENT BY 1
    NO MINVALUE
    NO MAXVALUE
    CACHE 1
);


--
-- Name: auth_user_id_seq; Type: SEQUENCE; Schema: public; Owner: postgresuser
--

ALTER TABLE public.auth_user ALTER COLUMN id ADD GENERATED BY DEFAULT AS IDENTITY (
    SEQUENCE NAME public.auth_user_id_seq
    START WITH 1
    INCREMENT BY 1
    NO MINVALUE
    NO MAXVALUE
    CACHE 1
);


--
-- Name: auth_user_user_permissions; Type: TABLE; Schema: public; Owner: postgresuser
--

CREATE TABLE public.auth_user_user_permissions (
    id bigint NOT NULL,
    user_id integer NOT NULL,
    permission_id integer NOT NULL
);


ALTER TABLE public.auth_user_user_permissions OWNER TO postgresuser;

--
-- Name: auth_user_user_permissions_id_seq; Type: SEQUENCE; Schema: public; Owner: postgresuser
--

ALTER TABLE public.auth_user_user_permissions ALTER COLUMN id ADD GENERATED BY DEFAULT AS IDENTITY (
    SEQUENCE NAME public.auth_user_user_permissions_id_seq
    START WITH 1
    INCREMENT BY 1
    NO MINVALUE
    NO MAXVALUE
    CACHE 1
);


--
-- Name: django_admin_log; Type: TABLE; Schema: public; Owner: postgresuser
--

CREATE TABLE public.django_admin_log (
    id integer NOT NULL,
    action_time timestamp with time zone NOT NULL,
    object_id text,
    object_repr character varying(200) NOT NULL,
    action_flag smallint NOT NULL,
    change_message text NOT NULL,
    content_type_id integer,
    user_id integer NOT NULL,
    CONSTRAINT django_admin_log_action_flag_check CHECK ((action_flag >= 0))
);


ALTER TABLE public.django_admin_log OWNER TO postgresuser;

--
-- Name: django_admin_log_id_seq; Type: SEQUENCE; Schema: public; Owner: postgresuser
--

ALTER TABLE public.django_admin_log ALTER COLUMN id ADD GENERATED BY DEFAULT AS IDENTITY (
    SEQUENCE NAME public.django_admin_log_id_seq
    START WITH 1
    INCREMENT BY 1
    NO MINVALUE
    NO MAXVALUE
    CACHE 1
);


--
-- Name: django_content_type; Type: TABLE; Schema: public; Owner: postgresuser
--

CREATE TABLE public.django_content_type (
    id integer NOT NULL,
    app_label character varying(100) NOT NULL,
    model character varying(100) NOT NULL
);


ALTER TABLE public.django_content_type OWNER TO postgresuser;

--
-- Name: django_content_type_id_seq; Type: SEQUENCE; Schema: public; Owner: postgresuser
--

ALTER TABLE public.django_content_type ALTER COLUMN id ADD GENERATED BY DEFAULT AS IDENTITY (
    SEQUENCE NAME public.django_content_type_id_seq
    START WITH 1
    INCREMENT BY 1
    NO MINVALUE
    NO MAXVALUE
    CACHE 1
);


--
-- Name: django_migrations; Type: TABLE; Schema: public; Owner: postgresuser
--

CREATE TABLE public.django_migrations (
    id bigint NOT NULL,
    app character varying(255) NOT NULL,
    name character varying(255) NOT NULL,
    applied timestamp with time zone NOT NULL
);


ALTER TABLE public.django_migrations OWNER TO postgresuser;

--
-- Name: django_migrations_id_seq; Type: SEQUENCE; Schema: public; Owner: postgresuser
--

ALTER TABLE public.django_migrations ALTER COLUMN id ADD GENERATED BY DEFAULT AS IDENTITY (
    SEQUENCE NAME public.django_migrations_id_seq
    START WITH 1
    INCREMENT BY 1
    NO MINVALUE
    NO MAXVALUE
    CACHE 1
);


--
-- Name: django_session; Type: TABLE; Schema: public; Owner: postgresuser
--

CREATE TABLE public.django_session (
    session_key character varying(40) NOT NULL,
    session_data text NOT NULL,
    expire_date timestamp with time zone NOT NULL
);


ALTER TABLE public.django_session OWNER TO postgresuser;

--
-- Name: formulario_formulario; Type: TABLE; Schema: public; Owner: postgresuser
--

CREATE TABLE public.formulario_formulario (
    id bigint NOT NULL,
    saludo character varying(4) NOT NULL,
    primer_canal_captacion character varying(100) NOT NULL,
    canal_entrada character varying(10) NOT NULL,
    nombre character varying(100) NOT NULL,
    apellidos character varying(100) NOT NULL,
    tipo_identificacion character varying(20) NOT NULL,
    numero_identificacion character varying(20) NOT NULL,
    fecha_nacimiento date NOT NULL,
    via_principal character varying(255) NOT NULL,
    cp_direccion character varying(5) NOT NULL,
    ciudad_direccion character varying(100) NOT NULL,
    estado_provincia character varying(100) NOT NULL,
    recibe_memoria character varying(2) NOT NULL,
    recibe_correspondencia character varying(20) NOT NULL,
    movil character varying(9) NOT NULL,
    telefono_casa character varying(9),
    correo_electronico character varying(254),
    descripcion text,
    importe character varying(40) NOT NULL,
    otra_cantidad character varying(40),
    periodicidad character varying(20) NOT NULL,
    dia_presentacion character varying(222) NOT NULL,
    medio_pago character varying(20) NOT NULL,
    tipo_pago character varying(20) NOT NULL,
    concepto_recibo character varying(100) NOT NULL,
    mandato text,
    nombre_autom character varying(255),
    persona_id character varying(100),
    nombre_socio character varying(255),
    tipo_relacion character varying(20) NOT NULL,
    fecha_alta date,
    created_at date NOT NULL,
    fundraiser_code bigint NOT NULL,
    fundraiser_name character varying(225) NOT NULL,
    genero character varying(12) NOT NULL,
    no_iban character varying(100) NOT NULL,
    nombre_asterisco character varying(1222) NOT NULL,
    notas text
);


ALTER TABLE public.formulario_formulario OWNER TO postgresuser;

--
-- Name: formulario_formulario_id_seq; Type: SEQUENCE; Schema: public; Owner: postgresuser
--

ALTER TABLE public.formulario_formulario ALTER COLUMN id ADD GENERATED BY DEFAULT AS IDENTITY (
    SEQUENCE NAME public.formulario_formulario_id_seq
    START WITH 1
    INCREMENT BY 1
    NO MINVALUE
    NO MAXVALUE
    CACHE 1
);


--
-- Data for Name: auth_group; Type: TABLE DATA; Schema: public; Owner: postgresuser
--

COPY public.auth_group (id, name) FROM stdin;
\.


--
-- Data for Name: auth_group_permissions; Type: TABLE DATA; Schema: public; Owner: postgresuser
--

COPY public.auth_group_permissions (id, group_id, permission_id) FROM stdin;
\.


--
-- Data for Name: auth_permission; Type: TABLE DATA; Schema: public; Owner: postgresuser
--

COPY public.auth_permission (id, name, content_type_id, codename) FROM stdin;
1	Can add log entry	1	add_logentry
2	Can change log entry	1	change_logentry
3	Can delete log entry	1	delete_logentry
4	Can view log entry	1	view_logentry
5	Can add permission	2	add_permission
6	Can change permission	2	change_permission
7	Can delete permission	2	delete_permission
8	Can view permission	2	view_permission
9	Can add group	3	add_group
10	Can change group	3	change_group
11	Can delete group	3	delete_group
12	Can view group	3	view_group
13	Can add user	4	add_user
14	Can change user	4	change_user
15	Can delete user	4	delete_user
16	Can view user	4	view_user
17	Can add content type	5	add_contenttype
18	Can change content type	5	change_contenttype
19	Can delete content type	5	delete_contenttype
20	Can view content type	5	view_contenttype
21	Can add session	6	add_session
22	Can change session	6	change_session
23	Can delete session	6	delete_session
24	Can view session	6	view_session
25	Can add formulario	7	add_formulario
26	Can change formulario	7	change_formulario
27	Can delete formulario	7	delete_formulario
28	Can view formulario	7	view_formulario
\.


--
-- Data for Name: auth_user; Type: TABLE DATA; Schema: public; Owner: postgresuser
--

COPY public.auth_user (id, password, last_login, is_superuser, username, first_name, last_name, email, is_staff, is_active, date_joined) FROM stdin;
\.


--
-- Data for Name: auth_user_groups; Type: TABLE DATA; Schema: public; Owner: postgresuser
--

COPY public.auth_user_groups (id, user_id, group_id) FROM stdin;
\.


--
-- Data for Name: auth_user_user_permissions; Type: TABLE DATA; Schema: public; Owner: postgresuser
--

COPY public.auth_user_user_permissions (id, user_id, permission_id) FROM stdin;
\.


--
-- Data for Name: django_admin_log; Type: TABLE DATA; Schema: public; Owner: postgresuser
--

COPY public.django_admin_log (id, action_time, object_id, object_repr, action_flag, change_message, content_type_id, user_id) FROM stdin;
\.


--
-- Data for Name: django_content_type; Type: TABLE DATA; Schema: public; Owner: postgresuser
--

COPY public.django_content_type (id, app_label, model) FROM stdin;
1	admin	logentry
2	auth	permission
3	auth	group
4	auth	user
5	contenttypes	contenttype
6	sessions	session
7	formulario	formulario
\.


--
-- Data for Name: django_migrations; Type: TABLE DATA; Schema: public; Owner: postgresuser
--

COPY public.django_migrations (id, app, name, applied) FROM stdin;
1	contenttypes	0001_initial	2025-03-25 20:58:57.550957+00
2	auth	0001_initial	2025-03-25 20:58:57.612358+00
3	admin	0001_initial	2025-03-25 20:58:57.628291+00
4	admin	0002_logentry_remove_auto_add	2025-03-25 20:58:57.634319+00
5	admin	0003_logentry_add_action_flag_choices	2025-03-25 20:58:57.639196+00
6	contenttypes	0002_remove_content_type_name	2025-03-25 20:58:57.652036+00
7	auth	0002_alter_permission_name_max_length	2025-03-25 20:58:57.658664+00
8	auth	0003_alter_user_email_max_length	2025-03-25 20:58:57.664548+00
9	auth	0004_alter_user_username_opts	2025-03-25 20:58:57.670224+00
10	auth	0005_alter_user_last_login_null	2025-03-25 20:58:57.678059+00
11	auth	0006_require_contenttypes_0002	2025-03-25 20:58:57.679119+00
12	auth	0007_alter_validators_add_error_messages	2025-03-25 20:58:57.692499+00
13	auth	0008_alter_user_username_max_length	2025-03-25 20:58:57.71122+00
14	auth	0009_alter_user_last_name_max_length	2025-03-25 20:58:57.718897+00
15	auth	0010_alter_group_name_max_length	2025-03-25 20:58:57.726949+00
16	auth	0011_update_proxy_permissions	2025-03-25 20:58:57.733117+00
17	auth	0012_alter_user_first_name_max_length	2025-03-25 20:58:57.740093+00
18	formulario	0001_initial	2025-03-25 20:58:57.748896+00
19	formulario	0002_alter_formulario_recibe_correspondencia	2025-03-25 20:58:57.758848+00
20	formulario	0003_alter_formulario_recibe_correspondencia	2025-03-25 20:58:57.763812+00
21	formulario	0004_alter_formulario_importe	2025-03-25 20:58:57.767211+00
22	formulario	0005_formulario_created_at_formulario_fundraiser_code_and_more	2025-03-25 20:58:57.77679+00
23	formulario	0006_formulario_genero	2025-03-25 20:58:57.781342+00
24	formulario	0007_formulario_no_iban	2025-03-25 20:58:57.785801+00
25	formulario	0008_formulario_nombre_asterisco	2025-03-25 20:58:57.789816+00
26	formulario	0009_remove_formulario_numero_cuenta	2025-03-25 20:58:57.79492+00
27	formulario	0010_alter_formulario_dia_presentacion	2025-03-25 20:58:57.802914+00
28	formulario	0011_remove_formulario_fecha_primer_pago	2025-03-25 20:58:57.807125+00
29	formulario	0012_formulario_notas_alter_formulario_correo_electronico_and_more	2025-03-25 20:58:57.852594+00
30	sessions	0001_initial	2025-03-25 20:58:57.865317+00
\.


--
-- Data for Name: django_session; Type: TABLE DATA; Schema: public; Owner: postgresuser
--

COPY public.django_session (session_key, session_data, expire_date) FROM stdin;
\.


--
-- Data for Name: formulario_formulario; Type: TABLE DATA; Schema: public; Owner: postgresuser
--

COPY public.formulario_formulario (id, saludo, primer_canal_captacion, canal_entrada, nombre, apellidos, tipo_identificacion, numero_identificacion, fecha_nacimiento, via_principal, cp_direccion, ciudad_direccion, estado_provincia, recibe_memoria, recibe_correspondencia, movil, telefono_casa, correo_electronico, descripcion, importe, otra_cantidad, periodicidad, dia_presentacion, medio_pago, tipo_pago, concepto_recibo, mandato, nombre_autom, persona_id, nombre_socio, tipo_relacion, fecha_alta, created_at, fundraiser_code, fundraiser_name, genero, no_iban, nombre_asterisco, notas) FROM stdin;
1	D.	F2F Boost Impact (Madrid)	F2F	Luis	Molina	CIF	222222	2000-03-22	Calle 78Sur# 35-150	2222	Sabaneta	Antioquia	SI	SI	222222	22222	luisjose0317@gmail.com		30		Trimestral	El 11	Domiciliación	Cuota	GRACIAS POR TU AYUDA - Fundación Aladina		Luis Molina - Domiciliación		\N	Socio	\N	2011-03-11	2531	David Torres Martín	masculino	ES2914650110611723652260	Luis Molina - Socio	2wdsdsad
2	D.	F2F Boost Impact (Madrid)	F2F	Pruebas	MOLINA	CIF	222222	2000-03-12	sdsds	22222	sdsdsdds	ddsdsdsdsds	SI	SI	222222	2222	luisjose0317@gmail.com		30		Trimestral	El 11	Domiciliación	Cuota	GRACIAS POR TU AYUDA - Fundación Aladina		Pruebas MOLINA - Domiciliación		\N	Socio	\N	2011-03-11	2531	Diego Pulido Marqués	masculino	ES2914650110611723652260	Pruebas MOLINA - Socio	sdasdsadadada
3	Dña.	F2F Boost Impact (Madrid)	F2F	Andrea	Ruiz Cruz	NIF	48080831K	1995-08-15	Calle de Ponferrada 6. PIso 2 Puerta 4	28029	MADRID	Madrid	SI	SI	664844715		andrearuizcruz@gmail.com		30		Mensual	El 11	Domiciliación	Cuota	GRACIAS POR TU AYUDA - Fundación Aladina		Andrea Ruiz Cruz - Domiciliación		\N	Socio	\N	2011-03-11	2531	David Torres Martín	femenino	ES6602390806703432267825	Andrea Ruiz Cruz - Socio	llamar a las 16:00
4	D.	F2F Boost Impact (Madrid)	F2F	Andrea	Ruiz Cruz	NIF	48080831K	1995-08-15	Calle de Ponferrada 6. PIso 2 Puerta 4	28029	MADRID	Madrid	SI	NO QUIERE	664844715	664844715	andrearuizcruz@gmail.com		30		Trimestral	El 11	Domiciliación	Cuota	GRACIAS POR TU AYUDA - Fundación Aladina		Andrea Ruiz Cruz - Domiciliación		\N	Socio	\N	2011-03-11	2531	David Torres Martín	masculino	ES1314650100951765413665	Andrea Ruiz Cruz - Socio	Llamar a las 17:00
5	Dña.	F2F Boost Impact (Madrid)	F2F	Andrea	Ruiz Cruz	NIF	48080831K	1995-08-15	Calle de Ponferrada 6. PIso 2 Puerta 4	28029	MADRID	Madrid	SI	SI	664844715		andrearuizcruz@gmail.com		50		Mensual	El 11	Domiciliación	Cuota	GRACIAS POR TU AYUDA - Fundación Aladina		Andrea Ruiz Cruz - Domiciliación		\N	Socio	\N	2011-03-11	2531	David Torres Martín	femenino	ES0201821943680208508350	Andrea Ruiz Cruz - Socio	Llamar a las 17.00
6	D.	F2F Boost Impact (Madrid)	F2F	Andrea	Ruiz Cruz	NIF	48080831K	1995-08-15	Calle de Ponferrada 6. PIso 2 Puerta 4	28029	MADRID	Madrid	SI	SI	664844715		andrearuizcruz@gmail.com		20		Mensual	El 11	Domiciliación	Cuota	GRACIAS POR TU AYUDA - Fundación Aladina		Andrea Ruiz Cruz - Domiciliación		\N	Socio	\N	2011-03-11	2531	Diego Pulido Marqués	masculino	ES8321001969540200276416	Andrea Ruiz Cruz - Socio	
7	D.	F2F Boost Impact (Madrid)	F2F	Andrea	Ruiz Cruz	NIF	48080831K	1995-08-15	Calle de Ponferrada 6. PIso 2 Puerta 4	28029	MADRID	Madrid	SI	SI	664844715		andrearuizcruz@gmail.com		20		Trimestral	Del 1 al 5	Domiciliación	Cuota	GRACIAS POR TU AYUDA - Fundación Aladina		Andrea Ruiz Cruz - Domiciliación		\N	Socio	\N	2011-03-11	2531	David Torres Martín	masculino	ES5600490162782711188179	Andrea Ruiz Cruz - Socio	llamar 16:00
8	Dña.	F2F Boost Impact (Madrid)	F2F	Andrea	Ruiz Cruz	NIF	48080831K	1995-08-15	Calle de Ponferrada 6. PIso 2 Puerta 4	28029	MADRID	Madrid	SI	NO QUIERE	664844715		andrearuizcruz@gmail.com		30		Mensual	Del 1 al 5	Domiciliación	Cuota	GRACIAS POR TU AYUDA - Fundación Aladina		Andrea Ruiz Cruz - Domiciliación		\N	Socio	\N	2011-03-11	2531	David Torres Martín	femenino	ES3514650350271746719573	Andrea Ruiz Cruz - Socio	
9	Dña.	F2F Boost Impact (Madrid)	F2F	Andrea	Ruiz Cruz	NIF	48080831K	1995-08-15	Calle de Ponferrada 6. PIso 2 Puerta 4	28029	MADRID	Madrid	SI	SI	664844715		andrearuizcruz@gmail.com		20		Mensual	Del 1 al 5	Domiciliación	Cuota	GRACIAS POR TU AYUDA - Fundación Aladina		Andrea Ruiz Cruz - Domiciliación		\N	Socio	\N	2011-03-11	2531	David Torres Martín	femenino	ES3921007019721300487274	Andrea Ruiz Cruz - Socio	
10	Dña.	F2F Boost Impact (Madrid)	F2F	Andrea	Ruiz Cruz	NIF	48080831K	1995-08-15	Calle de Ponferrada 6. PIso 2 Puerta 4	28029	MADRID	Madrid	SI	SI	664844715	664844715	andrearuizcruz@gmail.com		30		Semestral	El 11	Domiciliación	Cuota	GRACIAS POR TU AYUDA - Fundación Aladina		Andrea Ruiz Cruz - Domiciliación		\N	Socio	\N	2011-03-11	2531	David Torres Martín	femenino	ES3900497798072410031303	Andrea Ruiz Cruz - Socio	jeje
11	Dña.	F2F Boost Impact (Madrid)	F2F	Andrea	Ruiz Cruz	NIF	48080831K	1995-08-15	Calle de Ponferrada 6. PIso 2 Puerta 4	28029	MADRID	Madrid	SI	SI	664844715		andrearuizcruz@gmail.com		30		Mensual	El 11	Domiciliación	Cuota	GRACIAS POR TU AYUDA - Fundación Aladina		Andrea Ruiz Cruz - Domiciliación		\N	Socio	\N	2011-03-11	2531	David Torres Martín	femenino	ES1321033340440033029057	Andrea Ruiz Cruz - Socio	llamar
12	D.	F2F Boost Impact (Madrid)	F2F	Jose Manuel	Guardado Hernandez	NIF	05369495f	1960-08-13	C/ Pilar Cavero 6, piso 3 escalera 2	20027	MADRID	Madrid	SI	SI	609264375		jmguardado1960@outlook.com		30		Mensual	Del 1 al 5	Domiciliación	Cuota	GRACIAS POR TU AYUDA - Fundación Aladina		Jose Manuel Guardado Hernandez - Domiciliación		\N	Socio	\N	2011-03-11	2532	Diego Pulido Marqués	masculino	ES0200491809262310366362	Jose Manuel Guardado Hernandez - Socio	
13	Dña.	F2F Boost Impact (Madrid)	F2F	Esther	Pérez Carretero	NIF	46886067S	1977-04-14	Av/Papa negro 13, B	28043	Madrid	Madrid	SI	NO QUIERE	619146699		esther.pcarretero@gmail.com		20		Mensual	Del 1 al 5	Domiciliación	Cuota	GRACIAS POR TU AYUDA - Fundación Aladina		Esther Pérez Carretero - Domiciliación		\N	Socio	\N	2011-03-11	2531	David Torres Martín	femenino	ES3030250024811400005642	Esther Pérez Carretero - Socio	
14	Dña.	F2F Boost Impact (Madrid)	F2F	Susana	Escobedo Garcia	NIF	50070322N	1964-11-10	AV/ De las Suertes 55, portal a piso 2 puerta b	28051	Madrid	Madrid	SI	SI	650111644		susanaescobedog@gmail.com		10	10	Mensual	Del 25 al 30	Domiciliación	Cuota	GRACIAS POR TU AYUDA - Fundación Aladina		Susana Escobedo Garcia  - Domiciliación		\N	Socio	\N	2011-03-11	2532	Diego Pulido Marqués	femenino	ES8314650100931700390687	Susana Escobedo Garcia  - Socio	
15	Dña.	F2F Boost Impact (Madrid)	F2F	Paloma	Portabales Ruiz	NIF	50798270X	1956-08-21	C/ Virgen de los reyes 9, piso 2 puerta 2	28027	Madrid	Madrid	SI	SI	629553656		palomaporta@hotmail.com		10	10	Mensual	Del 1 al 5	Domiciliación	Cuota	GRACIAS POR TU AYUDA - Fundación Aladina		Paloma Portabales Ruiz - Domiciliación		\N	Socio	\N	2011-03-11	2532	Diego Pulido Marqués	femenino	ES6301820936040200262097	Paloma Portabales Ruiz - Socio	
16	Dña.	F2F Boost Impact (Madrid)	F2F	Maria Carmen	Corrales salazar	NIF	50285412Y	1957-09-05	C/ Uruguay 17, 4C	2822	Coslada	Madrid	SI	SI	628456543		macaco73@hotmail.com		10	10	Mensual	Del 1 al 5	Domiciliación	Cuota	GRACIAS POR TU AYUDA - Fundación Aladina		Maria Carmen Corrales salazar - Domiciliación		\N	Socio	\N	2011-03-11	2531	David Torres Martín	femenino	ES8801822231670201559376	Maria Carmen Corrales salazar - Socio	
17	Dña.	F2F Boost Impact (Madrid)	F2F	MARIA ASUNCIÓN	FABREGUES ESPINOSA	NIF	00257256R	1950-07-16	C/ Burgo de osma 18	28033	Madrid	Madrid	SI	SI	626932265		afabregues@hotmail.es		20		Mensual	Del 1 al 5	Domiciliación	Cuota	GRACIAS POR TU AYUDA - Fundación Aladina		MARIA ASUNCIÓN  FABREGUES ESPINOSA - Domiciliación		\N	Socio	\N	2011-03-11	2532	Diego Pulido Marqués	femenino	ES1730250003951400033400	MARIA ASUNCIÓN  FABREGUES ESPINOSA - Socio	
18	D.	F2F Boost Impact (Madrid)	F2F	Ángel	De la Guarda Plua Anzules	NIF	53952269L	1957-10-16	C/ Encomienda de Palacio 141, piso 1 puerta b	28030	Madrid	Madrid	SI	SI	638720460		angelplua1957@gmail.com		10	10	Mensual	Del 25 al 30	Domiciliación	Cuota	GRACIAS POR TU AYUDA - Fundación Aladina		Ángel De la Guarda Plua Anzules - Domiciliación		\N	Socio	\N	2011-03-11	2532	Diego Pulido Marqués	masculino	ES6400497171292010000436	Ángel De la Guarda Plua Anzules - Socio	
19	Dña.	F2F Boost Impact (Madrid)	F2F	Maria jesus	Borque Arancon	NIF	16796008M	1964-07-11	C/Pinto fausto olivares 30	23009	Jaen	Jaen	SI	SI	659246631		mjborquearancon@gmail.com		15	15	Mensual	Del 1 al 5	Domiciliación	Cuota	GRACIAS POR TU AYUDA - Fundación Aladina		Maria jesus Borque Arancon - Domiciliación		\N	Socio	\N	2011-03-11	2531	David Torres Martín	femenino	ES2800491743042790025281	Maria jesus Borque Arancon - Socio	
20	Dña.	F2F Boost Impact (Madrid)	F2F	Maria Dolores	Sanchez Belizon	NIF	05418500E	1970-10-24	Av/Canillejas a Vicalvaro 107, 3A	28022	Madrid	Madrid	SI	SI	627936309		lola.lola.sanchezbelizon@gmail.com		10	10	Mensual	Del 1 al 5	Domiciliación	Cuota	GRACIAS POR TU AYUDA - Fundación Aladina		Maria Dolores Sanchez Belizon - Domiciliación		\N	Socio	\N	2011-03-11	2531	David Torres Martín	femenino	ES6321001878450100303964	Maria Dolores Sanchez Belizon - Socio	
21	Dña.	F2F Boost Impact (Madrid)	F2F	Martha Alejandra	Vasquez Segovia	NIE	Y8258981V	2000-03-06	C/De la diligencia 6, portal 7, 3b	28018	Madrid	Madrid	SI	SI	603507979		aleejandrasegovia3@gmail.com		10	10	Mensual	Del 25 al 30	Domiciliación	Cuota	GRACIAS POR TU AYUDA - Fundación Aladina		Martha Alejandra Vasquez Segovia - Domiciliación		\N	Socio	\N	2011-03-11	2531	David Torres Martín	femenino	ES3414650100981743925312	Martha Alejandra Vasquez Segovia - Socio	
22	Dña.	F2F Boost Impact (Madrid)	F2F	Ana Isabel	Rodríguez Sancho	NIF	02650922B	1982-11-30	Av/De la peseta 92,5, 10	28054	Madrid	Madrid	SI	SI	696075122		anais_rodsan@hotmail.com		10	10	Mensual	Del 1 al 5	Domiciliación	Cuota	GRACIAS POR TU AYUDA - Fundación Aladina		Ana Isabel Rodríguez Sancho - Domiciliación		\N	Socio	\N	2011-03-11	2531	David Torres Martín	femenino	ES7621004647612200164929	Ana Isabel Rodríguez Sancho - Socio	
23	Dña.	F2F Boost Impact (Madrid)	F2F	Teresa Esther	Meta	NIE	X1198845Q	1962-02-11	C/ Mota del Cuervo 74, piso bajo puerta B	28043	Madrid	Madrid	SI	NO QUIERE	608523162		teresameta@hotmail.com		5	5	Mensual	El 11	Domiciliación	Cuota	GRACIAS POR TU AYUDA - Fundación Aladina		Teresa Esther Meta  - Domiciliación		\N	Socio	\N	2011-03-11	2532	Diego Pulido Marqués	femenino	ES9400810233850001401743	Teresa Esther Meta  - Socio	
24	Dña.	F2F Boost Impact (Madrid)	F2F	Catalina	Bennaceur Vindel	NIF	02628006A	1967-06-05	C/Torrelaguna 61, 4A	28027	Madrid	Madrid	SI	NO QUIERE	600494461		catalina.bennaceur@gmail.com		15	15	Mensual	Del 1 al 5	Domiciliación	Cuota	GRACIAS POR TU AYUDA - Fundación Aladina		Catalina Bennaceur Vindel - Domiciliación		\N	Socio	\N	2011-03-11	2531	David Torres Martín	femenino	ES6701280069680100039015	Catalina Bennaceur Vindel - Socio	
25	D.	F2F Boost Impact (Madrid)	F2F	José	Bruña Álvarez	NIF	11953458J	1968-03-26	C/ Andorra 1, piso 4 puerta B	28043	Madrid	Madrid	SI	SI	655449030		jose_bruna@hotmail.com		10	10	Mensual	Del 1 al 5	Domiciliación	Cuota	GRACIAS POR TU AYUDA - Fundación Aladina		José Bruña Álvarez - Domiciliación		\N	Socio	\N	2011-03-11	2532	Diego Pulido Marqués	masculino	ES1500493140902214183701	José Bruña Álvarez - Socio	
26	Dña.	F2F Boost Impact (Madrid)	F2F	María Ángeles	Sanchez marañon	NIF	46930635D	1976-06-03	C/ Noya 5, piso 2, puerta c escalera dch	28925	Alcorcon	Madrid	SI	SI	656665080		mariansanchez76@gmail.com		5	5	Mensual	Del 1 al 5	Domiciliación	Cuota	GRACIAS POR TU AYUDA - Fundación Aladina		María Ángeles Sanchez marañon - Domiciliación		\N	Socio	\N	2011-03-11	2532	Diego Pulido Marqués	femenino	ES8714650100921700001888	María Ángeles Sanchez marañon - Socio	
27	Dña.	F2F Boost Impact (Madrid)	F2F	Francisca	De Lera Vaquero	NIF	11692858A	1950-03-26	C/ Santa Teresa 11, piso 1, puerta derecha	49013	Zamora	Zamora	SI	SI	630373385		franciscadelera@gmail.com		25	25	Mensual	Del 1 al 5	Domiciliación	Cuota	GRACIAS POR TU AYUDA - Fundación Aladina		Francisca De Lera Vaquero  - Domiciliación		\N	Socio	\N	2011-03-11	2532	Diego Pulido Marqués	femenino	ES5321006014201300375696	Francisca De Lera Vaquero  - Socio	
28	Dña.	F2F Boost Impact (Madrid)	F2F	Maria Jesus	González Lopez	NIF	02194150L	1955-06-17	C/Durillo 1,portal 6,2A	28232	Las Rozas	Madrid	SI	SI	619250511		mjgonzalez@adiaslp.es		10	10	Mensual	El 11	Domiciliación	Cuota	GRACIAS POR TU AYUDA - Fundación Aladina		Maria Jesus González Lopez - Domiciliación		\N	Socio	\N	2011-03-11	2531	David Torres Martín	femenino	ES9214650100961714381464	Maria Jesus González Lopez - Socio	
29	Dña.	F2F Boost Impact (Madrid)	F2F	Ángela Esther	Rodríguez-Sanz González	NIF	05404074V	1966-11-24	C/ Ramirez de Arellano 26, piso 8 puerta C	28043	Madrid	Madrid	SI	SI	615138350		liaangela00@gmail.com		10	10	Mensual	Del 1 al 5	Domiciliación	Cuota	GRACIAS POR TU AYUDA - Fundación Aladina		Ángela Esther Rodríguez-Sanz González - Domiciliación		\N	Socio	\N	2011-03-11	2532	Diego Pulido Marqués	femenino	ES5621004443000200124129	Ángela Esther Rodríguez-Sanz González - Socio	
30	Dña.	F2F Boost Impact (Madrid)	F2F	Victoria	Sanz Del Olmo	NIF	02478880D	1944-01-10	C/Conde las Posadas, 2, 6C	28042	Madrid	Madrid	SI	NO QUIERE	630354413		toyilapio@gmail.com		10	10	Mensual	Del 25 al 30	Domiciliación	Cuota	GRACIAS POR TU AYUDA - Fundación Aladina		Victoria Sanz Del Olmo - Domiciliación		\N	Socio	\N	2011-03-11	2531	David Torres Martín	femenino	ES7801822759510201590297	Victoria Sanz Del Olmo - Socio	
31	Dña.	F2F Boost Impact (Madrid)	F2F	Sara	Roncero Abalos	NIF	05961062Z	1997-12-20	C/ La tierra 156	28860	Paracuellos del Jarama	Madrid	SI	NO QUIERE	692621022		sari_97_@hotmail.es		10	10	Mensual	Del 1 al 5	Domiciliación	Cuota	GRACIAS POR TU AYUDA - Fundación Aladina		Sara Roncero Abalos - Domiciliación		\N	Socio	\N	2011-03-11	2531	David Torres Martín	femenino	ES7321003443991300022678	Sara Roncero Abalos - Socio	
32	Dña.	F2F Boost Impact (Madrid)	F2F	Nayra	Trivillo Morales	NIF	00823918N	1955-01-21	C/ Arturo Soria 338, piso 3 puerta a escalera izquierda	28033	Madrid	Madrid	SI	SI	695997026		stellanayra@msn.com		20		Mensual	Del 25 al 30	Domiciliación	Cuota	GRACIAS POR TU AYUDA - Fundación Aladina		Nayra Trivillo Morales - Domiciliación		\N	Socio	\N	2011-03-11	2532	Diego Pulido Marqués	femenino	ES1501280024460100061321	Nayra Trivillo Morales - Socio	
33	D.	F2F Boost Impact (Madrid)	F2F	Alexis	Herrera Enea	NIF	40457471B	1990-03-03	C/Mexico 6,2B	01009	Vitoria Gasteiz	Alava	SI	NO QUIERE	605957702		alexis.herrera.enea@gmail.com		10	10	Mensual	El 11	Domiciliación	Cuota	GRACIAS POR TU AYUDA - Fundación Aladina		Alexis  Herrera Enea - Domiciliación		\N	Socio	\N	2011-03-11	2531	David Torres Martín	masculino	ES5901825297230201157524	Alexis  Herrera Enea - Socio	
34	D.	F2F Boost Impact (Madrid)	F2F	Juan Francisco	Díaz Hidalgo	NIF	01816768K	1962-07-30	C/ Cañas 6, piso 9 puerta 2	28043	Madrid	Madrid	SI	SI	671283842		juandiazhidalgo@gmail.com		15	15	Mensual	Del 1 al 5	Domiciliación	Cuota	GRACIAS POR TU AYUDA - Fundación Aladina		Juan Francisco  Díaz Hidalgo - Domiciliación		\N	Socio	\N	2011-03-11	2532	Diego Pulido Marqués	masculino	ES3301280066240100052312	Juan Francisco  Díaz Hidalgo - Socio	
35	D.	F2F Boost Impact (Madrid)	F2F	Castor	García Villoria	NIF	50805147X	1962-09-22	C/Pabdora 27,A	28037	Madrid	Madrid	SI	NO QUIERE	609681746		cgvilloria@yahoo.es		20		Mensual	Del 1 al 5	Domiciliación	Cuota	GRACIAS POR TU AYUDA - Fundación Aladina		Castor García Villoria - Domiciliación		\N	Socio	\N	2011-03-11	2531	David Torres Martín	masculino	ES2514650100911703490688	Castor García Villoria - Socio	
36	Dña.	F2F Boost Impact (Madrid)	F2F	Carmen Flor	Nieto Maqueda	NIF	03799924W	1958-09-19	C/ Ros de Olano 2, piso 1 puerta c	28002	Madrid	Madrid	SI	SI	672157685		carmenflornieto@gmail.com		10	10	Mensual	Del 1 al 5	Domiciliación	Cuota	GRACIAS POR TU AYUDA - Fundación Aladina		Carmen Flor Nieto Maqueda - Domiciliación		\N	Socio	\N	2011-03-11	2532	Diego Pulido Marqués	femenino	ES3621004173172200244661	Carmen Flor Nieto Maqueda - Socio	
37	Dña.	F2F Boost Impact (Madrid)	F2F	Cristina	Felipe Hormiga	NIF	42197455E	1993-01-20	C/Degaña 2	28810	Villalbilla	Madrid	SI	NO QUIERE	676414631		cfelipehormiga@gmail.com		120	120	Anual	Del 1 al 5	Domiciliación	Cuota	GRACIAS POR TU AYUDA - Fundación Aladina		Cristina Felipe Hormiga - Domiciliación		\N	Socio	\N	2011-03-11	2531	David Torres Martín	femenino	ES2314650100971726770333	Cristina Felipe Hormiga - Socio	
38	Dña.	F2F Boost Impact (Madrid)	F2F	Matilde	Sánchez  Castellanos	NIF	52697440R	1976-08-13	C/ Arturo Soria 108, chalet Q	28027	Madrid	Madrid	SI	SI	679790578		diegopulidomarques@gmail.com		15	15	Mensual	El 11	Domiciliación	Cuota	GRACIAS POR TU AYUDA - Fundación Aladina		Matilde  Sánchez  Castellanos  - Domiciliación		\N	Socio	\N	2011-03-11	2532	Diego Pulido Marqués	femenino	ES2800494084432494168549	Matilde  Sánchez  Castellanos  - Socio	
39	Dña.	F2F Boost Impact (Madrid)	F2F	Maria Luisa	Vegas Sarrión	NIF	07425221Q	1951-09-21	C/ Comercio 4, escalera 2, piso 5, puerta J	28007	Madrid	Madrid	SI	SI	639383729		diegopulidomarques@gmail.com		10	10	Mensual	Del 1 al 5	Domiciliación	Cuota	GRACIAS POR TU AYUDA - Fundación Aladina		Maria Luisa  Vegas Sarrión - Domiciliación		\N	Socio	\N	2011-03-11	2532	Diego Pulido Marqués	femenino	ES3721004871871300341387	Maria Luisa  Vegas Sarrión - Socio	
40	Dña.	F2F Boost Impact (Madrid)	F2F	Morgan	Schaaf	NIE	Y0272727F	1990-02-26	C/Bravo Murillo 308,1A	28020	Madrid	Madrid	SI	SI	656855921		nmorgan_schaaf@hotmail.com		20		Mensual	Del 1 al 5	Domiciliación	Cuota	GRACIAS POR TU AYUDA - Fundación Aladina		Morgan  Schaaf  - Domiciliación		\N	Socio	\N	2011-03-11	2531	David Torres Martín	femenino	ES9800493026832014469227	Morgan  Schaaf  - Socio	
41	Dña.	F2F Boost Impact (Madrid)	F2F	Ángela	Basilio Carnicer	NIF	01481789Z	1952-06-27	C/ Asura 132	28043	Madrid	Madrid	SI	SI	639366300		angelabasiliocarnicer@gmail.com		20		Mensual	Del 1 al 5	Domiciliación	Cuota	GRACIAS POR TU AYUDA - Fundación Aladina		Ángela Basilio Carnicer - Domiciliación		\N	Socio	\N	2011-03-11	2532	Diego Pulido Marqués	femenino	ES5801286045400102704032	Ángela Basilio Carnicer - Socio	
42	Dña.	F2F Boost Impact (Madrid)	F2F	Jensy Edith	Caballero Alvarado	NIE	Y9781994Q	1990-12-15	Av/ Del monte igueldo 54,2	28053	Madrid	Madrid	SI	SI	688274495		caballerojensy77@gmail.com		10	10	Mensual	Del 1 al 5	Domiciliación	Cuota	GRACIAS POR TU AYUDA - Fundación Aladina		Jensy Edith Caballero Alvarado - Domiciliación		\N	Socio	\N	2011-03-11	2531	David Torres Martín	femenino	ES2000495113422518382327	Jensy Edith Caballero Alvarado - Socio	
43	Dña.	F2F Boost Impact (Madrid)	F2F	Jean Carlo	Alvarado Meza	NIF	05990826Q	1992-03-27	C/Calanda 18, 4B	28043	Madrid	Madrid	SI	SI	634043541		werbung2019@outlook.com		10	10	Mensual	Del 25 al 30	Domiciliación	Cuota	GRACIAS POR TU AYUDA - Fundación Aladina		Jean Carlo Alvarado Meza - Domiciliación		\N	Socio	\N	2011-03-11	2531	David Torres Martín	femenino	ES2021002257560100230056	Jean Carlo Alvarado Meza - Socio	
44	Dña.	F2F Boost Impact (Madrid)	F2F	Marta	Carrasco Gomez	NIF	02487838C	1950-07-31	C/Joan Miro 4	28890	Loeches	Madrid	SI	SI	610705874		martacarrasco100@gmail.com		20	10	Mensual	Del 1 al 5	Domiciliación	Cuota	GRACIAS POR TU AYUDA - Fundación Aladina		Marta Carrasco Gomez - Domiciliación		\N	Socio	\N	2011-03-11	2531	David Torres Martín	femenino	ES5221004846942100274058	Marta Carrasco Gomez - Socio	
45	Dña.	F2F Boost Impact (Madrid)	F2F	werf	er	NIF	48080831K	1995-08-15	Calle de Ponferrada 6. PIso 2 Puerta 4	28029	MADRID	Madrid	SI	SI	664844715	664844715	andrearuizcruz@gmail.com		20		Mensual	Del 1 al 5	Domiciliación	Cuota	GRACIAS POR TU AYUDA - Fundación Aladina		werf er - Domiciliación		\N	Socio	\N	2011-03-11	2531	David Torres Martín	femenino	ES1500493140902214183701	werf er - Socio	llamar 16
46	D.	F2F Boost Impact (Madrid)	F2F	Andrea	Ruiz Cruz	NIF	48080831K	1995-08-15	Calle de Ponferrada 6. PIso 2 Puerta 4	28029	MADRID	Madrid	SI	SI	664844715		andrearuizcruz@gmail.com		20		Trimestral	Del 1 al 5	Domiciliación	Cuota	GRACIAS POR TU AYUDA - Fundación Aladina		Andrea Ruiz Cruz - Domiciliación		\N	Socio	\N	2011-03-11	2531	David Torres Martín	masculino	ES5621004443000200124129	Andrea Ruiz Cruz - Socio	llamar
47	Dña.	F2F Boost Impact (Madrid)	F2F	Maria Jose	Gallego Casado	NIF	70024230V	1953-03-12	Camino de la esgarabita 22,2B	28805	Alcalá de henares	Madrid	SI	SI	615839840		mjgallego1952@gmail.com		10	10	Mensual	Del 1 al 5	Domiciliación	Cuota	GRACIAS POR TU AYUDA - Fundación Aladina		Maria Jose  Gallego Casado - Domiciliación		\N	Socio	\N	2011-03-11	2531	David Torres Martín	femenino	ES9601820980110014800004	Maria Jose  Gallego Casado - Socio	
48	Dña.	F2F Boost Impact (Madrid)	F2F	Sheila	Garcia Calero	NIF	09046050N	1986-07-12	Av/Nuestra Señora de Belén 33, 1C	28802	Alcala de Henares	Madrid	SI	SI	617333183		sheilagarca@hotmail.com		20		Mensual	Del 25 al 30	Domiciliación	Cuota	GRACIAS POR TU AYUDA - Fundación Aladina		Sheila Garcia Calero - Domiciliación		\N	Socio	\N	2011-03-11	2531	David Torres Martín	femenino	ES6721006993951300477243	Sheila Garcia Calero - Socio	
49	Dña.	F2F Boost Impact (Madrid)	F2F	Ana Daniela	Apostol Nogueira	NIE	Z0956376H	1999-01-27	C/ Los Batanes 12, piso 2 puerta b	28803	Alcalá de henares	Madrid	SI	SI	697371433		anaapostol2701@gmail.com		10	10	Mensual	El 11	Domiciliación	Cuota	GRACIAS POR TU AYUDA - Fundación Aladina		Ana Daniela Apostol Nogueira - Domiciliación		\N	Socio	\N	2011-03-11	2532	Diego Pulido Marqués	femenino	ES6401821018420204387929	Ana Daniela Apostol Nogueira - Socio	
50	D.	F2F Boost Impact (Madrid)	F2F	Daniel	Chicote Navalpotro	NIF	09121097X	2002-01-17	C/ Ramón Maria del Valle Inclán 9, portal 3, piso 3 puerta c	28806	Alcalá de henares	Madrid	SI	SI	693775151		dchicotenaval@gmail.com		10	10	Mensual	Del 25 al 30	Domiciliación	Cuota	GRACIAS POR TU AYUDA - Fundación Aladina		Daniel Chicote Navalpotro - Domiciliación		\N	Socio	\N	2011-03-11	2532	Diego Pulido Marqués	masculino	ES1601825322210200365529	Daniel Chicote Navalpotro - Socio	
51	D.	F2F Boost Impact (Madrid)	F2F	Luis	Rubio García	NIF	52006628V	1991-04-04	C/ Roncesvalles 7, piso 3 puerta c	19004	Guadalajara	Madrid	SI	SI	678227045		lrubiogarcia@outlook.com		20		Mensual	Del 1 al 5	Domiciliación	Cuota	GRACIAS POR TU AYUDA - Fundación Aladina		Luis Rubio García - Domiciliación		\N	Socio	\N	2011-03-11	2532	Diego Pulido Marqués	masculino	ES2314650100911727647410	Luis Rubio García - Socio	
52	Dña.	F2F Boost Impact (Madrid)	F2F	Helena	Lillo Bilbao	NIF	51133425D	1997-03-23	C/Virgen De las Angustias 8,1D	28840	Mejorada del Campo	Madrid	SI	NO QUIERE	649981047		helena.lillobilbao@gmail.com		10	10	Mensual	Del 1 al 5	Domiciliación	Cuota	GRACIAS POR TU AYUDA - Fundación Aladina		Helena  Lillo Bilbao - Domiciliación		\N	Socio	\N	2011-03-11	2531	David Torres Martín	femenino	ES4414650100911748930578	Helena  Lillo Bilbao - Socio	
53	Dña.	F2F Boost Impact (Madrid)	F2F	Claudia Lorena	Botero Cruz	NIF	50370582F	1973-03-18	C/ Isla de Tenerife 361	19170	El Casar	Guadalajara	SI	SI	617318590		coterocruz@gmail.com		10	10	Mensual	El 11	Domiciliación	Cuota	GRACIAS POR TU AYUDA - Fundación Aladina		Claudia Lorena  Botero Cruz - Domiciliación		\N	Socio	\N	2011-03-11	2532	Diego Pulido Marqués	femenino	ES1514650100981724583272	Claudia Lorena  Botero Cruz - Socio	
54	Dña.	F2F Boost Impact (Madrid)	F2F	Laura	Arceo Bello	NIF	09023737D	1970-06-07	C/Alfonso séptimo 3, portal 5, 3A	28806	Alcala de Henares	Madrid	SI	NO QUIERE	615912283		laura.arceo@gmail.com		10	10	Mensual	El 11	Domiciliación	Cuota	GRACIAS POR TU AYUDA - Fundación Aladina		Laura Arceo Bello - Domiciliación		\N	Socio	\N	2011-03-11	2531	David Torres Martín	femenino	ES4314650100911708197289	Laura Arceo Bello - Socio	
55	D.	F2F Boost Impact (Madrid)	F2F	Javier	Peinado mazarias	NIF	50070292M	1966-11-18	C/Mimbreras 9	28817	Los Santos de la Humosa	Madrid	SI	SI	618646091		javier.peinado@telefonica.net		10	10	Mensual	Del 1 al 5	Domiciliación	Cuota	GRACIAS POR TU AYUDA - Fundación Aladina		Javier Peinado mazarias - Domiciliación		\N	Socio	\N	2011-03-11	2531	David Torres Martín	masculino	ES7330810325272823382318	Javier Peinado mazarias - Socio	
56	D.	F2F Boost Impact (Madrid)	F2F	Gonzalo	Resa Espinosa	NIF	03143457R	1999-01-19	C/ Sauce 37	28880	Meco	Madrid	SI	SI	697799574		g.resa.espinosa@gmail.com		20		Mensual	Del 1 al 5	Domiciliación	Cuota	GRACIAS POR TU AYUDA - Fundación Aladina		Gonzalo Resa Espinosa - Domiciliación		\N	Socio	\N	2011-03-11	2532	Diego Pulido Marqués	masculino	ES1000492247292014006746	Gonzalo Resa Espinosa - Socio	
57	D.	F2F Boost Impact (Madrid)	F2F	Gonzalo	Resa Espinosa	NIF	03143457R	1999-01-19	C/ Sauce 37	28880	Meco	Madrid	SI	SI	697799574		g.resa.espinosa@gmail.com		20		Mensual	Del 1 al 5	Domiciliación	Cuota	GRACIAS POR TU AYUDA - Fundación Aladina		Gonzalo Resa Espinosa - Domiciliación		\N	Socio	\N	2011-03-11	2532	Diego Pulido Marqués	masculino	ES1000492247292014006746	Gonzalo Resa Espinosa - Socio	
58	D.	F2F Boost Impact (Madrid)	F2F	Juan Santiago	Vicente Benito	NIF	70029763F	1955-01-02	C/ La Estrella 6	28890	Loeches	Madrid	SI	SI	680962462		jsantiagovb@gmail.com		20		Mensual	Del 1 al 5	Domiciliación	Cuota	GRACIAS POR TU AYUDA - Fundación Aladina		Juan Santiago  Vicente Benito - Domiciliación		\N	Socio	\N	2011-03-11	2532	Diego Pulido Marqués	masculino	ES4621007050501300380267	Juan Santiago  Vicente Benito - Socio	
59	Dña.	F2F Boost Impact (Madrid)	F2F	Debora	Villalmanzo Gil	NIF	71272384F	1986-08-23	C/Valle de Ambles 4, portal 2, bajo 6	28850	Torrejon de Ardoz	Madrid	SI	NO QUIERE	681218961		dvgs99@gmail.com		15	15	Mensual	El 11	Domiciliación	Cuota	GRACIAS POR TU AYUDA - Fundación Aladina		Debora Villalmanzo Gil - Domiciliación		\N	Socio	\N	2011-03-11	2531	David Torres Martín	femenino	ES5701827924750201525249	Debora Villalmanzo Gil - Socio	
60	Dña.	F2F Boost Impact (Madrid)	F2F	Maria del Mar	Verdugo Cámara	NIF	50555703R	1991-09-07	C/ Valle del Baztan 1, portal 6, piso 2 puerta b	28850	Torrejon de ardoz	Madrid	SI	SI	697403932		maverdug@gmail.com		30		Mensual	Del 1 al 5	Domiciliación	Cuota	GRACIAS POR TU AYUDA - Fundación Aladina		Maria del Mar Verdugo Cámara - Domiciliación		\N	Socio	\N	2011-03-11	2532	Diego Pulido Marqués	femenino	ES5021037336130030001881	Maria del Mar Verdugo Cámara - Socio	
61	Dña.	F2F Boost Impact (Madrid)	F2F	Ana Isabel	Guerrero Bonilla	NIF	47080791K	1984-11-19	C/ Alto tajo 151	28810	Villalbilla	Madrid	SI	SI	647368550		guerrera1984@hotmail.com		10	10	Mensual	El 11	Domiciliación	Cuota	GRACIAS POR TU AYUDA - Fundación Aladina		Ana Isabel Guerrero Bonilla - Domiciliación		\N	Socio	\N	2011-03-11	2532	Diego Pulido Marqués	femenino	ES8831901044081114441510	Ana Isabel Guerrero Bonilla - Socio	
62	D.	F2F Boost Impact (Madrid)	F2F	Angel	Lopez Neira	NIF	50984850Z	1984-04-07	Paseo de la Concordia 6, portal 6, 2B	28850	Torrejon de Ardoz	Madrid	SI	NO QUIERE	624466505		gestrinsa@gmail.com		10	10	Mensual	Del 1 al 5	Domiciliación	Cuota	GRACIAS POR TU AYUDA - Fundación Aladina		Angel Lopez Neira - Domiciliación		\N	Socio	\N	2011-03-11	2531	David Torres Martín	masculino	ES3800810259130001741084	Angel Lopez Neira - Socio	
63	Dña.	F2F Boost Impact (Madrid)	F2F	Melisa Yasel	Martínez Ocampo	NIE	Y8763125R	1987-04-30	C/ Bulgaria 1, portal I, piso 2 puerta d	28802	Alcala de henares	Madrid	SI	SI	627391118		melisa90210@hotmail.com		20		Mensual	Del 1 al 5	Domiciliación	Cuota	GRACIAS POR TU AYUDA - Fundación Aladina		Melisa Yasel Martínez Ocampo - Domiciliación		\N	Socio	\N	2011-03-11	2532	Diego Pulido Marqués	femenino	ES8901820869200201849078	Melisa Yasel Martínez Ocampo - Socio	
64	Dña.	F2F Boost Impact (Madrid)	F2F	Maria Del Pilar	Arevalo Chamarro	NIF	50805092R	1961-10-18	C/Goya 119, 3 Izq	28009	Madrid	Madrid	SI	NO QUIERE	636984231		mp.arevalo@hotmail.com		10	10	Mensual	Del 1 al 5	Domiciliación	Cuota	GRACIAS POR TU AYUDA - Fundación Aladina		Maria Del Pilar  Arevalo Chamarro - Domiciliación		\N	Socio	\N	2011-03-11	2531	David Torres Martín	femenino	ES3501280024420100037101	Maria Del Pilar  Arevalo Chamarro - Socio	
65	Dña.	F2F Boost Impact (Madrid)	F2F	Maria Francisca	Moyano Rodriguez	NIF	00696499J	1961-01-22	Paseo del Hontanar 1	28223	Pozuelo de Alarcon	Madrid	SI	NO QUIERE	609515829		mfmoyano100@hotmail.com		15	15	Mensual	Del 1 al 5	Domiciliación	Cuota	GRACIAS POR TU AYUDA - Fundación Aladina		Maria Francisca Moyano Rodriguez - Domiciliación		\N	Socio	\N	2011-03-11	2531	David Torres Martín	femenino	ES1421005099151300339943	Maria Francisca Moyano Rodriguez - Socio	
66	Dña.	F2F Boost Impact (Madrid)	F2F	Barbara	Gil martin	NIF	52886705E	1991-04-28	C/ Alcocer 16	19200	Azuqueca de henares	Gudalajara	SI	SI	677465884		barbara.gm.91@hotmail.com		10	10	Mensual	Del 1 al 5	Domiciliación	Cuota	GRACIAS POR TU AYUDA - Fundación Aladina		Barbara  Gil martin  - Domiciliación		\N	Socio	\N	2011-03-11	2532	Diego Pulido Marqués	femenino	ES3814650100941714526676	Barbara  Gil martin  - Socio	
67	Dña.	F2F Boost Impact (Madrid)	F2F	Ana	Silva Ortega	NIF	49163333M	1997-09-05	C/ Nicolasa Gómez 81, piso 1 puerta dch	28022	San blas	Madrid	SI	SI	691735132		anasilva80@hotmail.es		10	10	Mensual	Del 1 al 5	Domiciliación	Cuota	GRACIAS POR TU AYUDA - Fundación Aladina		Ana Silva Ortega - Domiciliación		\N	Socio	\N	2011-03-11	2532	Diego Pulido Marqués	femenino	ES7631870218382206123719	Ana Silva Ortega - Socio	
68	Dña.	F2F Boost Impact (Madrid)	F2F	Andrea	Ruiz Cruz	NIF	48080831K	1995-08-15	Calle de Ponferrada 6. PIso 2 Puerta 4	28029	MADRID	Madrid	SI	SI	664844715	664844715	andrearuizcruz@gmail.com		50		Mensual	Del 1 al 5	Domiciliación	Cuota	GRACIAS POR TU AYUDA - Fundación Aladina		Andrea Ruiz Cruz - Domiciliación		\N	Socio	\N	2011-03-11	2531	David Torres Martín	femenino	ES3621004173172200244661	Andrea Ruiz Cruz - Socio	llamar
69	Dña.	F2F Boost Impact (Madrid)	F2F	Emily	Corrales López	NIE	Z1728428Y	1980-08-29	C/ Francisco Sarcillo 7, portal 6 piso 1 puerta e	28850	Torrejon de ardoz	Madrid	SI	SI	613733872		corralesemily2014@gmail.com		20		Mensual	Del 1 al 5	Domiciliación	Cuota	GRACIAS POR TU AYUDA - Fundación Aladina		Emily Corrales López  - Domiciliación		\N	Socio	\N	2011-03-11	2532	Diego Pulido Marqués	femenino	ES8921001674930200626222	Emily Corrales López  - Socio	
70	D.	F2F Boost Impact (Madrid)	F2F	Maria Adela	Sanz Martínez	NIF	51639152N	1960-10-03	C/Hilados 4, 8B	28850	Torrejon de Ardoz	Madrid	SI	NO QUIERE	677409527		adela.pedro2009@gmail.com		10	10	Mensual	Del 1 al 5	Domiciliación	Cuota	GRACIAS POR TU AYUDA - Fundación Aladina		Maria Adela Sanz Martínez - Domiciliación		\N	Socio	\N	2011-03-11	2531	David Torres Martín	masculino	ES8200496008812410099234	Maria Adela Sanz Martínez - Socio	
71	Dña.	F2F Boost Impact (Madrid)	F2F	Violeta	Fernández Parral	NIF	51078347Q	1984-05-25	C/ Pio Baroja 33	28813	Torres de la Alameda	Madrid	SI	NO QUIERE	627064259		pirulimadrid@gmail.com		10	10	Mensual	Del 1 al 5	Domiciliación	Cuota	GRACIAS POR TU AYUDA - Fundación Aladina		Violeta Fernández Parral - Domiciliación		\N	Socio	\N	2011-03-11	2531	David Torres Martín	femenino	ES1314650100961710959174	Violeta Fernández Parral - Socio	
72	Dña.	F2F Boost Impact (Madrid)	F2F	Antonia	Prieto Valderas	NIF	51656826E	1964-01-21	C/ Salamanca 336	19170	El casar	Guadalajara	SI	SI	685193216		dogsugus@gmail.com		10	10	Mensual	Del 1 al 5	Domiciliación	Cuota	GRACIAS POR TU AYUDA - Fundación Aladina		Antonia Prieto Valderas - Domiciliación		\N	Socio	\N	2011-03-11	2532	Diego Pulido Marqués	femenino	ES1421008758922100090880	Antonia Prieto Valderas - Socio	
73	Dña.	F2F Boost Impact (Madrid)	F2F	Antonia	Prieto Valderas	NIF	51656826E	1964-01-21	C/ Salamanca 336	19170	El casar	Guadalajara	SI	SI	685193216		dogsugus@gmail.com		10	10	Mensual	Del 1 al 5	Domiciliación	Cuota	GRACIAS POR TU AYUDA - Fundación Aladina		Antonia Prieto Valderas - Domiciliación		\N	Socio	\N	2011-03-11	2532	Diego Pulido Marqués	femenino	ES1421008758922100090880	Antonia Prieto Valderas - Socio	
74	Dña.	F2F Boost Impact (Madrid)	F2F	Virginia	López-Oliva Soria	NIF	53560286W	1985-03-02	C/ Rio Ebro 17, portal 1 piso 5 B	28850	Torrejon de ardoz	Madrid	SI	SI	679330097		vlopezoliva@hotmail.es		10	10	Mensual	Del 1 al 5	Domiciliación	Cuota	GRACIAS POR TU AYUDA - Fundación Aladina		Virginia López-Oliva Soria - Domiciliación		\N	Socio	\N	2011-03-11	2532	Diego Pulido Marqués	femenino	ES0414650100921719909528	Virginia López-Oliva Soria - Socio	
75	Dña.	F2F Boost Impact (Madrid)	F2F	Talia	Moya Lozano	NIF	52891056A	1983-08-21	C/ Rosa Chacel 61	28890	Loeches	Madrid	SI	SI	637704088		taliamylz@hotmail.com		20		Mensual	El 11	Domiciliación	Cuota	GRACIAS POR TU AYUDA - Fundación Aladina		Talia Moya Lozano - Domiciliación		\N	Socio	\N	2011-03-11	2532	Diego Pulido Marqués	femenino	ES3901826402380201517253	Talia Moya Lozano - Socio	
76	D.	F2F Boost Impact (Madrid)	F2F	Roberto Javier	López Benavides	NIF	07807391H	1955-12-16	C/ Silicio 23, esc izq piso 9 puerta c	28850	Torrejon de ardoz	Madrid	SI	SI	656830162		roberto.lopezb@gmail.com		10	10	Mensual	Del 1 al 5	Domiciliación	Cuota	GRACIAS POR TU AYUDA - Fundación Aladina		Roberto Javier López Benavides - Domiciliación		\N	Socio	\N	2011-03-11	2532	Diego Pulido Marqués	masculino	ES9100496008892595032575	Roberto Javier López Benavides - Socio	
77	Dña.	F2F Boost Impact (Madrid)	F2F	Constanza Guiomar	Blanco Sanchez	NIF	51088255B	1985-06-19	C/ Rio De Guadiana 10, portal 1, 4B	28850	Torrejon de Ardoz	Madrid	SI	NO QUIERE	620610823		constanzagbs@gmail.com		10	10	Mensual	Del 1 al 5	Domiciliación	Cuota	GRACIAS POR TU AYUDA - Fundación Aladina		Constanza Guiomar Blanco Sanchez - Domiciliación		\N	Socio	\N	2011-03-11	2531	David Torres Martín	femenino	ES2614650716521730705298	Constanza Guiomar Blanco Sanchez - Socio	
78	Dña.	F2F Boost Impact (Madrid)	F2F	Maria del Carmen	Llamas Arjona	NIF	02607107B	1966-06-12	C/Teruel 7, 1E	28850	Torrejon de Ardoz	Madrid	SI	NO QUIERE	678632857		maricllasar@gmail.com		10	10	Mensual	Del 1 al 5	Domiciliación	Cuota	GRACIAS POR TU AYUDA - Fundación Aladina		Maria del Carmen Llamas Arjona - Domiciliación		\N	Socio	\N	2011-03-11	2531	David Torres Martín	femenino	ES8400490160882610000571	Maria del Carmen Llamas Arjona - Socio	
79	D.	F2F Boost Impact (Madrid)	F2F	Marcos Miguel	Socola Saldarriaga	NIE	Y6089808C	1990-08-12	C/ Cañada 65, piso 1 puerta A	28850	Torrejon de ardoz	Madrid	SI	SI	603910116		norka.ruizbravo.p1@gmail.com		20		Mensual	Del 1 al 5	Domiciliación	Cuota	GRACIAS POR TU AYUDA - Fundación Aladina		Marcos Miguel Socola Saldarriaga - Domiciliación		\N	Socio	\N	2011-03-11	2532	Diego Pulido Marqués	masculino	ES1421004132860700002926	Marcos Miguel Socola Saldarriaga - Socio	
80	Dña.	F2F Boost Impact (Madrid)	F2F	Daniela Alexandra	Zambrano García	NIE	Z2029481N	1993-03-17	C/ Grecia 5, portal 3 piso 1 puerta b	28850	Torrejon de ardoz	Madrid	SI	SI	668565845		daniela.azg@gmail.com		10	10	Mensual	Del 25 al 30	Domiciliación	Cuota	GRACIAS POR TU AYUDA - Fundación Aladina		Daniela Alexandra Zambrano García - Domiciliación		\N	Socio	\N	2011-03-11	2532	Diego Pulido Marqués	femenino	ES8101825322270000107080	Daniela Alexandra Zambrano García - Socio	
81	Dña.	F2F Boost Impact (Madrid)	F2F	Lucia	Vilches Redondo	NIF	75120540X	1987-02-06	C/ Juan Gris 2, portal 2, bajo A	28850	Torrejon de ardoz	Madrid	SI	SI	606139968		luciavilchesredondo@gmail.com		15	15	Mensual	Del 1 al 5	Domiciliación	Cuota	GRACIAS POR TU AYUDA - Fundación Aladina		Lucia Vilches Redondo - Domiciliación		\N	Socio	\N	2011-03-11	2532	Diego Pulido Marqués	femenino	ES7101827066270201112312	Lucia Vilches Redondo - Socio	
82	Dña.	F2F Boost Impact (Madrid)	F2F	Carmen	Vivar Villegas	NIF	53823093B	1994-09-21	C/ Del valle 17, 1 Izq	28810	Villalbilla	Madrid	SI	SI	727792994		carmenvivarvillegas@gmail.com		10	10	Mensual	Del 1 al 5	Domiciliación	Cuota	GRACIAS POR TU AYUDA - Fundación Aladina		Carmen Vivar Villegas - Domiciliación		\N	Socio	\N	2011-03-11	2531	David Torres Martín	femenino	ES4700495175742016459112	Carmen Vivar Villegas - Socio	
83	Dña.	F2F Boost Impact (Madrid)	F2F	Karen Josselyn	Amaya Enamorado	NIE	Y7119648N	1993-06-08	C/ Virgilio 15 numerl 16	28340	Valdemoro	Madrid	SI	SI	622781154		kamaya575@gmail.com		20		Mensual	Del 25 al 30	Domiciliación	Cuota	GRACIAS POR TU AYUDA - Fundación Aladina		Karen Josselyn Amaya Enamorado - Domiciliación		\N	Socio	\N	2011-03-11	2532	Diego Pulido Marqués	femenino	ES9100810174840001957599	Karen Josselyn Amaya Enamorado - Socio	
84	Dña.	F2F Boost Impact (Madrid)	F2F	Paula	Rodríguez Costas	NIF	53192407P	1986-08-05	C/ Jose Chacon 2, piso 6 puerta b	28805	Alcalá de henares	Madrid	SI	SI	675376017		pau86rc@gmail.com		10	10	Mensual	Del 25 al 30	Domiciliación	Cuota	GRACIAS POR TU AYUDA - Fundación Aladina		Paula Rodríguez Costas - Domiciliación		\N	Socio	\N	2011-03-11	2532	Diego Pulido Marqués	femenino	ES1221002178080200320229	Paula Rodríguez Costas - Socio	
85	Dña.	F2F Boost Impact (Madrid)	F2F	Margarita	Quiroga Martínez	NIF	33507587Z	1970-05-21	C/ Juan de Valdés 56	28850	Torrejon de ardoz	Madrid	SI	SI	666812844		madridmqm@hotmail.com		15	15	Mensual	Del 1 al 5	Domiciliación	Cuota	GRACIAS POR TU AYUDA - Fundación Aladina		Margarita Quiroga Martínez - Domiciliación		\N	Socio	\N	2011-03-11	2532	Diego Pulido Marqués	femenino	ES6600730100550468566743	Margarita Quiroga Martínez - Socio	
86	Dña.	F2F Boost Impact (Madrid)	F2F	Eva María	Lillo Macarrón	NIF	08979377Q	1968-12-26	C/ Toledo 13, piso 4 puerta c	28804	Alcalá de henares	Madrid	SI	SI	635684578		evamlillo@hotmail.com		20		Mensual	Del 1 al 5	Domiciliación	Cuota	GRACIAS POR TU AYUDA - Fundación Aladina		Eva María Lillo Macarrón - Domiciliación		\N	Socio	\N	2011-03-11	2532	Diego Pulido Marqués	femenino	ES2821001964250100110184	Eva María Lillo Macarrón - Socio	
87	Dña.	F2F Boost Impact (Madrid)	F2F	Mina Viorica	Cotutiu	NIE	X4590239Z	1982-11-06	C/ Trebol 25	28880	Meco	Madrid	SI	SI	642218738		mina_ica25@yahoo.com		20		Mensual	El 11	Domiciliación	Cuota	GRACIAS POR TU AYUDA - Fundación Aladina		Mina Viorica Cotutiu - Domiciliación		\N	Socio	\N	2011-03-11	2532	Diego Pulido Marqués	femenino	ES0321001359601300321430	Mina Viorica Cotutiu - Socio	
88	D.	F2F Boost Impact (Madrid)	F2F	Javier	Piris De Castro	NIF	08998277X	1973-12-07	C/Alemania 6,12, bajo b	28880	Meco	Madrid	SI	NO QUIERE	623122327		piris.dcastro@gmail.com		15	15	Mensual	Del 1 al 5	Domiciliación	Cuota	GRACIAS POR TU AYUDA - Fundación Aladina		Javier Piris De Castro - Domiciliación		\N	Socio	\N	2011-03-11	2531	David Torres Martín	masculino	ES9101820869210201859857	Javier Piris De Castro - Socio	
89	Dña.	F2F Boost Impact (Madrid)	F2F	Teresa	Méndez Troche	NIE	Y0535062G	1979-08-27	Av/ Victimas del Terrorismo 7, portal E piso 4 puerta A	28806	Alcalá de henares	Madrid	SI	SI	660415536		teresa_troche@hotmail.com		20		Mensual	Del 1 al 5	Domiciliación	Cuota	GRACIAS POR TU AYUDA - Fundación Aladina		Teresa Méndez Troche - Domiciliación		\N	Socio	\N	2011-03-11	2532	Diego Pulido Marqués	femenino	ES0201825322280200197531	Teresa Méndez Troche - Socio	
90	Dña.	F2F Boost Impact (Madrid)	F2F	Matilde	Fernández Caballero	NIF	09682168L	1951-03-12	C/Nogales 29	28813	Torres de la Alameda	Madrid	SI	SI	666912037		matildefer@hotmail.com		15	15	Mensual	Del 1 al 5	Domiciliación	Cuota	GRACIAS POR TU AYUDA - Fundación Aladina		Matilde  Fernández Caballero  - Domiciliación		\N	Socio	\N	2011-03-11	2531	David Torres Martín	femenino	ES7021004190292200031927	Matilde  Fernández Caballero  - Socio	
91	D.	F2F Boost Impact (Madrid)	F2F	Antonio	Mohedano Vicente	NIF	09027736Y	1978-04-27	Av/Juan Carlos Primero 5,portal f, 4C	28806	Alcala de Henares	Madrid	SI	NO QUIERE	678568148		amv274@hotmail.com		15	15	Mensual	Del 1 al 5	Domiciliación	Cuota	GRACIAS POR TU AYUDA - Fundación Aladina		Antonio Mohedano Vicente - Domiciliación		\N	Socio	\N	2011-03-11	2531	David Torres Martín	masculino	ES4301280046800100053104	Antonio Mohedano Vicente - Socio	
92	D.	F2F Boost Impact (Madrid)	F2F	Alejandro	Menor Sánchez	NIF	05982645T	2000-08-28	C/ Venus 33	13005	Ciudad Real	Ciudad Real	SI	SI	635770745		amenorsanchez2000@gmail.com		20		Mensual	Del 25 al 30	Domiciliación	Cuota	GRACIAS POR TU AYUDA - Fundación Aladina		Alejandro Menor Sánchez - Domiciliación		\N	Socio	\N	2011-03-11	2532	Diego Pulido Marqués	masculino	ES0901280085260100069544	Alejandro Menor Sánchez - Socio	
93	Dña.	F2F Boost Impact (Madrid)	F2F	Almudena María	Herrero Melgar	NIF	09048764N	1987-04-16	Av/ Madrid 30, puerta 5	28880	Meco	Madrid	SI	SI	647422986		almahermel@gmail.com		45	45	Trimestral	Del 25 al 30	Domiciliación	Cuota	GRACIAS POR TU AYUDA - Fundación Aladina		Almudena María Herrero Melgar - Domiciliación		\N	Socio	\N	2011-03-11	2532	Diego Pulido Marqués	femenino	ES7721004464110100014670	Almudena María Herrero Melgar - Socio	
94	D.	F2F Boost Impact (Madrid)	F2F	Jose Luis	Perez Garate	NIF	53561454C	1995-11-11	C/Alfonso quinto, 13	28815	Fresno de Torote	Madrid	SI	NO QUIERE	608246595		Jlpgljljlj@gmail.com		15	15	Mensual	Del 1 al 5	Domiciliación	Cuota	GRACIAS POR TU AYUDA - Fundación Aladina		Jose Luis Perez Garate - Domiciliación		\N	Socio	\N	2011-03-11	2531	David Torres Martín	masculino	ES8521004096672200147015	Jose Luis Perez Garate - Socio	
95	Dña.	F2F Boost Impact (Madrid)	F2F	África	Vela Romero	NIF	49394121B	2000-10-07	C/ Colombia 10, bajo a	28891	Velilla de San Antonio	Madrid	SI	NO QUIERE	692474402		afrikavelilla@hotmail.com		15	15	Mensual	Del 1 al 5	Domiciliación	Cuota	GRACIAS POR TU AYUDA - Fundación Aladina		África  Vela Romero - Domiciliación		\N	Socio	\N	2011-03-11	2531	David Torres Martín	femenino	ES3200494473712310012652	África  Vela Romero - Socio	
96	Dña.	F2F Boost Impact (Madrid)	F2F	Sara	Torres Bermúdez	NIF	49065417T	1991-12-13	C/ De la Vendimia 7	28891	Velilla de San Antonio	Madrid	SI	SI	650241211		saratorresbermudez@gmail.com		30	30	Trimestral	Del 1 al 5	Domiciliación	Cuota	GRACIAS POR TU AYUDA - Fundación Aladina		Sara Torres Bermúdez - Domiciliación		\N	Socio	\N	2011-03-11	2532	Diego Pulido Marqués	femenino	ES7200496104382016121327	Sara Torres Bermúdez - Socio	
97	Dña.	F2F Boost Impact (Madrid)	F2F	Andrea	Rivera Yunquera	NIF	50548232M	1982-06-01	C/ Tratado de Roma 6	28880	Meco	Madrid	SI	SI	654020510		andreary.ary@gmail.com		10	10	Mensual	El 11	Domiciliación	Cuota	GRACIAS POR TU AYUDA - Fundación Aladina		Andrea Rivera Yunquera - Domiciliación		\N	Socio	\N	2011-03-11	2532	Diego Pulido Marqués	femenino	ES3214650100911732753328	Andrea Rivera Yunquera - Socio	
98	Dña.	F2F Boost Impact (Madrid)	F2F	Carmen Maria	Fernandez Borrero	NIF	52118809G	1974-07-22	Paseo franternidad 12	28850	Torrejon de Ardoz	Madrid	SI	NO QUIERE	679903428		carmenfborrero@hotmail.com		20		Mensual	Del 1 al 5	Domiciliación	Cuota	GRACIAS POR TU AYUDA - Fundación Aladina		Carmen Maria Fernandez Borrero - Domiciliación		\N	Socio	\N	2011-03-11	2531	David Torres Martín	femenino	ES3814650100971709731043	Carmen Maria Fernandez Borrero - Socio	
99	D.	F2F Boost Impact (Madrid)	F2F	Mariana	Rincon Guerra	NIE	Z2182497D	2004-08-30	C/Manuel Sandoval 18, 1D	28850	Torrejon de Ardoz	Madrid	SI	NO QUIERE	633210686		mariirincon300@gmail.com		15	15	Mensual	Del 1 al 5	Domiciliación	Cuota	GRACIAS POR TU AYUDA - Fundación Aladina		Mariana  Rincon Guerra - Domiciliación		\N	Socio	\N	2011-03-11	2531	David Torres Martín	masculino	ES7701825322230000126263	Mariana  Rincon Guerra - Socio	
100	D.	F2F Boost Impact (Madrid)	F2F	Ángel	García Miguel	NIF	06209050Q	1957-02-15	Travesía/ Navacerrada 6, piso 3 puerta c	28850	Torrejon de ardoz	Madrid	SI	SI	677338056		vistalosjarales@hotmail.com		15	15	Mensual	Del 1 al 5	Domiciliación	Cuota	GRACIAS POR TU AYUDA - Fundación Aladina		Ángel García Miguel - Domiciliación		\N	Socio	\N	2011-03-11	2532	Diego Pulido Marqués	masculino	ES3821006119961300371842	Ángel García Miguel - Socio	
101	D.	F2F Boost Impact (Madrid)	F2F	Ángel	García Miguel	NIF	06209050Q	1957-02-15	Travesía/ Navacerrada 6, piso 3 puerta c	28850	Torrejon de ardoz	Madrid	SI	SI	677338056		vistalosjarales@hotmail.com		15	15	Mensual	Del 1 al 5	Domiciliación	Cuota	GRACIAS POR TU AYUDA - Fundación Aladina		Ángel García Miguel - Domiciliación		\N	Socio	\N	2011-03-11	2532	Diego Pulido Marqués	masculino	ES3821006119961300371842	Ángel García Miguel - Socio	
102	Dña.	F2F Boost Impact (Madrid)	F2F	Nuria	Navarro Mejía	NIF	50565486D	1999-04-17	C/ Campoamor 6	45223	Toledo	Toledo	SI	SI	685707421		navarromejianuria@gmail.com		20		Mensual	Del 1 al 5	Domiciliación	Cuota	GRACIAS POR TU AYUDA - Fundación Aladina		Nuria Navarro Mejía - Domiciliación		\N	Socio	\N	2011-03-11	2532	Diego Pulido Marqués	femenino	ES6601825978850201617532	Nuria Navarro Mejía - Socio	
103	Dña.	F2F Boost Impact (Madrid)	F2F	Virginia	Fernández López	NIF	17448969L	1976-10-17	C/Polonia 1N	28880	Meco	Madrid	SI	NO QUIERE	654922662		fernandez.lopez.virginia@gmail.com		15	15	Mensual	Del 1 al 5	Domiciliación	Cuota	GRACIAS POR TU AYUDA - Fundación Aladina		Virginia Fernández López  - Domiciliación		\N	Socio	\N	2011-03-11	2531	David Torres Martín	femenino	ES4020950474009121476130	Virginia Fernández López  - Socio	
104	D.	F2F Boost Impact (Madrid)	F2F	Luis Miguel	Ferrer de La Orden	NIF	52110799K	1969-02-18	C/ Fontanar 1272	19174	Torrejon del Rey	Guadalajara	SI	SI	645254376		lmferrer09@gmail.com		15	15	Mensual	Del 1 al 5	Domiciliación	Cuota	GRACIAS POR TU AYUDA - Fundación Aladina		Luis Miguel Ferrer de La Orden - Domiciliación		\N	Socio	\N	2011-03-11	2532	Diego Pulido Marqués	masculino	ES5814650100931761917267	Luis Miguel Ferrer de La Orden - Socio	
105	Dña.	F2F Boost Impact (Madrid)	F2F	Veronica	Alarcon Sanchez	NIF	46833912R	1976-04-17	C/Julio Merino 4	28840	Mejorada del Campo	Madrid	SI	SI	609747567		veroas76@gmail.com		15	15	Mensual	Del 1 al 5	Domiciliación	Cuota	GRACIAS POR TU AYUDA - Fundación Aladina		Veronica Alarcon Sanchez - Domiciliación		\N	Socio	\N	2011-03-11	2531	David Torres Martín	femenino	ES6101280048740100025911	Veronica Alarcon Sanchez - Socio	
106	Dña.	F2F Boost Impact (Madrid)	F2F	María Ángeles	Ligos Velasco	NIF	16553368S	1968-08-09	C/ General Herrera 120	28805	Alcalá de henares	Madrid	SI	SI	609529086		marianspain@hotmail.com		10	10	Mensual	Del 1 al 5	Domiciliación	Cuota	GRACIAS POR TU AYUDA - Fundación Aladina		María Ángeles Ligos Velasco - Domiciliación		\N	Socio	\N	2011-03-11	2532	Diego Pulido Marqués	femenino	ES5121037842920030388337	María Ángeles Ligos Velasco - Socio	
107	Dña.	F2F Boost Impact (Madrid)	F2F	Olga	Viñas Sánchez	NIF	09007233L	1975-08-18	C/ Navafría 25	28880	Meco	Madrid	SI	SI	675291949		devena72@hotmail.com		20		Mensual	Del 1 al 5	Domiciliación	Cuota	GRACIAS POR TU AYUDA - Fundación Aladina		Olga  Viñas Sánchez  - Domiciliación		\N	Socio	\N	2011-03-11	2532	Diego Pulido Marqués	femenino	ES2514650100911714310068	Olga  Viñas Sánchez  - Socio	
108	Dña.	F2F Boost Impact (Madrid)	F2F	Elena	Fernández Gaertner	NIF	24234469J	1968-05-16	C/ Encina 3, piso 3 puerta A	28850	Torrejon de ardoz	Madrid	SI	SI	659915056		elena.fernandez.gaertner@gmail.com		15	15	Mensual	Del 1 al 5	Domiciliación	Cuota	GRACIAS POR TU AYUDA - Fundación Aladina		Elena Fernández Gaertner - Domiciliación		\N	Socio	\N	2011-03-11	2532	Diego Pulido Marqués	femenino	ES2614650100941731041336	Elena Fernández Gaertner - Socio	
109	Dña.	F2F Boost Impact (Madrid)	F2F	Maria Cristina	Sánchez Amat	NIF	75725777W	1986-09-10	C/ Camilo Jose Cela 65, portal 4 piso 2 A	28806	Alcalá de henares	Madrid	SI	SI	685901159		cristina.sanchez.amat@gmail.com		15	15	Mensual	Del 1 al 5	Domiciliación	Cuota	GRACIAS POR TU AYUDA - Fundación Aladina		Maria Cristina  Sánchez Amat - Domiciliación		\N	Socio	\N	2011-03-11	2532	Diego Pulido Marqués	femenino	ES8701286001710100075103	Maria Cristina  Sánchez Amat - Socio	
110	D.	F2F Boost Impact (Madrid)	F2F	Santiago	Suarez Alvarez	NIF	08994376L	1972-05-03	C/ Aviacion Española 168	28805	Alcala de Henares	Madrid	SI	NO QUIERE	609725527		santi.suarez35@hotmail.com		25	25	Mensual	Del 1 al 5	Domiciliación	Cuota	GRACIAS POR TU AYUDA - Fundación Aladina		Santiago Suarez Alvarez - Domiciliación		\N	Socio	\N	2011-03-11	2531	David Torres Martín	masculino	ES1921001959860200081530	Santiago Suarez Alvarez - Socio	
111	D.	F2F Boost Impact (Madrid)	F2F	Javier	Gutiérrez Piqueras	NIF	47230755W	1994-07-24	C/Garcia Lorca	19139	Cabanillas del campo	Guadalajara	SI	SI	657052162		javier.gutierrez.piqueras@gmail.com		15	15	Mensual	Del 1 al 5	Domiciliación	Cuota	GRACIAS POR TU AYUDA - Fundación Aladina		Javier Gutiérrez Piqueras - Domiciliación		\N	Socio	\N	2011-03-11	2531	David Torres Martín	masculino	ES2420859264700331004785	Javier Gutiérrez Piqueras - Socio	
112	Dña.	F2F Boost Impact (Madrid)	F2F	Marina	Alvarez Garcia	NIF	09046837V	1984-05-28	Av/ Descubrimientos 4 ,5 5	28850	Torrejon de Ardoz	Madrid	SI	NO QUIERE	662201664		maraastur84@gmail.com		15	15	Mensual	Del 1 al 5	Domiciliación	Cuota	GRACIAS POR TU AYUDA - Fundación Aladina		Marina Alvarez Garcia - Domiciliación		\N	Socio	\N	2011-03-11	2531	David Torres Martín	femenino	ES0821004615511300409823	Marina Alvarez Garcia - Socio	
113	Dña.	F2F Boost Impact (Madrid)	F2F	Noelia	Bravo Hernanz	NIF	51457880A	1987-10-22	C/ Alcalde Guillermo Ortiz 18	28840	Mejorada del Campo	Madrid	SI	SI	659653075		noelia_2210@hotmail.com		25	25	Mensual	Del 1 al 5	Domiciliación	Cuota	GRACIAS POR TU AYUDA - Fundación Aladina		Noelia Bravo Hernanz - Domiciliación		\N	Socio	\N	2011-03-11	2532	Diego Pulido Marqués	femenino	ES8602390806780015369226	Noelia Bravo Hernanz - Socio	
114	Dña.	F2F Boost Impact (Madrid)	F2F	Alicia	Algara Quilez	NIF	48258631P	1994-05-20	Urbanización Colonia de Obras Públicas 4, 3 Drch	28806	Alcalá de henares	Madrid	SI	NO QUIERE	610093260		aliciaalgara@hotmail.com		10	10	Mensual	Del 1 al 5	Domiciliación	Cuota	GRACIAS POR TU AYUDA - Fundación Aladina		Alicia Algara Quilez - Domiciliación		\N	Socio	\N	2011-03-11	2531	David Torres Martín	femenino	ES4231901068385502572422	Alicia Algara Quilez - Socio	
115	D.	F2F Boost Impact (Madrid)	F2F	Pablo Antonio	Guerrero Campuzano	NIF	09036486Q	1982-03-27	C/ Rafael Alberti 1	28813	Torres de la Alameda	Madrid	SI	SI	627537837		pabloguercam@gmail.com		100	100	Trimestral	Del 1 al 5	Domiciliación	Cuota	GRACIAS POR TU AYUDA - Fundación Aladina		Pablo Antonio Guerrero Campuzano - Domiciliación		\N	Socio	\N	2011-03-11	2532	Diego Pulido Marqués	masculino	ES3121007050511300263506	Pablo Antonio Guerrero Campuzano - Socio	
116	D.	F2F Boost Impact (Madrid)	F2F	José Manuel	Gallego Mortera	NIF	51332305P	1957-06-02	C/ Sierra Bermeja 40, piso 3 puerta A	28018	MADRID	MADRID	SI	SI	657686662		boostimpactgroupfundraising@gmail.com		20		Mensual	Del 25 al 30	Domiciliación	Cuota	GRACIAS POR TU AYUDA - Fundación Aladina		José Manuel Gallego Mortera - Domiciliación		\N	Socio	\N	2011-03-11	2532	Diego Pulido Marqués	masculino	ES8721002491411300123599	José Manuel Gallego Mortera - Socio	
117	D.	F2F Boost Impact (Madrid)	F2F	asd	asd	NIF	48080831K	1995-08-15	Calle de Ponferrada 6. Piso 2 Puerta 4	28029	Madrid	MADRID	SI	SI	685193216	697403405	andrea@hartodelasredes.es		20		Mensual	Del 1 al 5	Domiciliación	Cuota	GRACIAS POR TU AYUDA - Fundación Aladina		asd asd - Domiciliación		\N	Socio	\N	2011-03-11	2531	Diego Pulido Marqués	masculino	ES8200496008812410099234	asd asd - Socio	
118	Dña.	F2F Boost Impact (Madrid)	F2F	Clara	García Vidal	NIF	53731760B	1990-11-01	C/Paseo de los Jesuitas 29,1D	28011	Madrid	Madrid	SI	NO QUIERE	630637246		claraegv@gmail.com		10	10	Mensual	Del 1 al 5	Domiciliación	Cuota	GRACIAS POR TU AYUDA - Fundación Aladina		Clara García Vidal - Domiciliación		\N	Socio	\N	2011-03-11	2531	David Torres Martín	femenino	ES2300730100540616800929	Clara García Vidal - Socio	
119	Dña.	F2F Boost Impact (Madrid)	F2F	Viviana del Carmen	Marín Suárez	Pasaporte	AX222445	1972-12-24	Av/ Buenos Aires 60, escalera izquierda piso 4 puerta B	28018	Vallecas	Madrid	SI	NO QUIERE	643271179		viviana72marin@gmail.com		15	15	Mensual	Del 25 al 30	Domiciliación	Cuota	GRACIAS POR TU AYUDA - Fundación Aladina		Viviana del Carmen  Marín Suárez - Domiciliación		\N	Socio	\N	2011-03-11	2532	Diego Pulido Marqués	femenino	ES6201827382110201772869	Viviana del Carmen  Marín Suárez - Socio	
120	D.	F2F Boost Impact (Madrid)	F2F	Cesar	Luengo Ferrera	NIF	70646245C	1971-08-02	Av/Doctor javier Paulino 1	13004	Ciudad Real	Ciudad Real	SI	NO QUIERE	688918205		cluengo@mapfre.com		15	15	Mensual	Del 1 al 5	Domiciliación	Cuota	GRACIAS POR TU AYUDA - Fundación Aladina		Cesar Luengo Ferrera - Domiciliación		\N	Socio	\N	2011-03-11	2531	David Torres Martín	masculino	ES7700494260922014001907	Cesar Luengo Ferrera - Socio	
121	D.	F2F Boost Impact (Madrid)	F2F	Ángel	Díaz Múgica	NIF	70589614S	1993-01-17	C/ Lillo 1	28224	Pozuelo	Madrid	SI	SI	655421252		angeldiazmujica17@gmail.com		20		Mensual	Del 1 al 5	Domiciliación	Cuota	GRACIAS POR TU AYUDA - Fundación Aladina		Ángel Díaz Múgica - Domiciliación		\N	Socio	\N	2011-03-11	2532	Diego Pulido Marqués	masculino	ES6230584562272720010458	Ángel Díaz Múgica - Socio	
122	Dña.	F2F Boost Impact (Madrid)	F2F	Irene	López Burgo	NIF	30692665Q	1974-11-10	C/ Tera 1, piso 148	28670	Villaviciosa de Odón	Madrid	SI	SI	669791586		ilopezburgo@gmail.com		30		Mensual	Del 1 al 5	Domiciliación	Cuota	GRACIAS POR TU AYUDA - Fundación Aladina		Irene López Burgo - Domiciliación		\N	Socio	\N	2011-03-11	2532	Diego Pulido Marqués	femenino	ES7800496588412695008893	Irene López Burgo - Socio	
123	Dña.	F2F Boost Impact (Madrid)	F2F	Marta	Arespacochaga Llopiz	NIF	01382532W	1950-04-27	C/ Zurbano 65,3Drch	28010	Madrid	Madrid	SI	NO QUIERE	655632052		martaarespa@hotmail.com		10	10	Mensual	Del 1 al 5	Domiciliación	Cuota	GRACIAS POR TU AYUDA - Fundación Aladina		Marta Arespacochaga Llopiz - Domiciliación		\N	Socio	\N	2011-03-11	2531	David Torres Martín	femenino	ES8800494664142693015013	Marta Arespacochaga Llopiz - Socio	
124	Dña.	F2F Boost Impact (Madrid)	F2F	Ana	González Paredes	NIF	26230597V	1979-10-29	C/Los peñascales 4, 7C	28028	Madrid	Madrid	SI	NO QUIERE	670884127		anaglezpar@gmail.com		15	15	Mensual	Del 1 al 5	Domiciliación	Cuota	GRACIAS POR TU AYUDA - Fundación Aladina		Ana González Paredes - Domiciliación		\N	Socio	\N	2011-03-11	2531	David Torres Martín	femenino	ES7700490041402793058281	Ana González Paredes - Socio	
125	Dña.	F2F Boost Impact (Madrid)	F2F	Carmen	Ruano Sanchez	NIF	25321532G	1967-10-28	C/Francisco Rivas 3	28250	Torrelodones	Madrid	SI	NO QUIERE	660488779		tablas.madrid1@gmail.com		15	15	Mensual	Del 1 al 5	Domiciliación	Cuota	GRACIAS POR TU AYUDA - Fundación Aladina		Carmen Ruano Sanchez - Domiciliación		\N	Socio	\N	2011-03-11	2531	David Torres Martín	femenino	ES6714650100951746592365	Carmen Ruano Sanchez - Socio	
126	Dña.	F2F Boost Impact (Madrid)	F2F	María Cerezuelo	Cid Arnanz	NIF	04154284R	1960-12-02	C/ Prado 7, piso 1 puerta g	45600	Talavera de la Reina	Castilla la mancha	SI	SI	630069961		corrochanogodoy@gmail.com		15	15	Mensual	Del 1 al 5	Domiciliación	Cuota	GRACIAS POR TU AYUDA - Fundación Aladina		María Cerezuelo Cid Arnanz - Domiciliación		\N	Socio	\N	2011-03-11	2532	Diego Pulido Marqués	femenino	ES7800490570192310547276	María Cerezuelo Cid Arnanz - Socio	
127	Dña.	F2F Boost Impact (Madrid)	F2F	Susana	Valcarce Martinez	NIF	05343319M	1956-01-12	C/Ardales 17,1A	28023	Madrid	Madrid	SI	NO QUIERE	660697079		svalcarce@gmail.com		30		Mensual	Del 1 al 5	Domiciliación	Cuota	GRACIAS POR TU AYUDA - Fundación Aladina		Susana Valcarce Martinez - Domiciliación		\N	Socio	\N	2011-03-11	2531	David Torres Martín	femenino	ES8900490151502611036910	Susana Valcarce Martinez - Socio	
128	Dña.	F2F Boost Impact (Madrid)	F2F	Sirena	Matiola Gurrea	NIF	44966176A	1984-01-01	C/ Adelfas 7	11500	Puerto de Santa María	Cadiz	SI	SI	679795999		sirenamatiola@gmail.com		15	15	Mensual	Del 1 al 5	Domiciliación	Cuota	GRACIAS POR TU AYUDA - Fundación Aladina		Sirena Matiola Gurrea - Domiciliación		\N	Socio	\N	2011-03-11	2532	Diego Pulido Marqués	femenino	ES5214650100961742746924	Sirena Matiola Gurrea - Socio	
129	Dña.	F2F Boost Impact (Madrid)	F2F	Laura	Cuervo Calvo	NIF	51353151Q	1961-02-11	C/ Rio Esla 24	28023	Madrid	Madrid	SI	SI	639974192		lauracuervo2002@yahoo.es		60	60	Semestral	Del 25 al 30	Domiciliación	Cuota	GRACIAS POR TU AYUDA - Fundación Aladina		Laura Cuervo Calvo - Domiciliación		\N	Socio	\N	2011-03-11	2532	Diego Pulido Marqués	femenino	ES6900751149910600231658	Laura Cuervo Calvo - Socio	
130	D.	F2F Boost Impact (Madrid)	F2F	Andrés	Negueruela Rodríguez	NIF	53811504Z	2001-06-02	C/ Rio Sella 4, piso 2 puerta a	28400	Villalba	Madrid	SI	SI	689631995		andreswp6@gmail.com		10	10	Mensual	Del 1 al 5	Domiciliación	Cuota	GRACIAS POR TU AYUDA - Fundación Aladina		Andrés Negueruela Rodríguez  - Domiciliación		\N	Socio	\N	2011-03-11	2532	Diego Pulido Marqués	masculino	ES3421003548561300451402	Andrés Negueruela Rodríguez  - Socio	
131	Dña.	F2F Boost Impact (Madrid)	F2F	Andrea	Cristea	NIE	X4439689E	1996-11-06	Av/De la Peseta 78,2B	28054	Madrid	Madrid	SI	NO QUIERE	609276147		gandreea.cristea@gmail.com		10	10	Mensual	Del 1 al 5	Domiciliación	Cuota	GRACIAS POR TU AYUDA - Fundación Aladina		Andrea Cristea - Domiciliación		\N	Socio	\N	2011-03-11	2531	David Torres Martín	femenino	ES3621004567731300134191	Andrea Cristea - Socio	
132	Dña.	F2F Boost Impact (Madrid)	F2F	Julia	Manchon Sanchez-Escribano	NIF	52996795B	1979-12-17	C/Principe de Viana 15	28023	Madrid	Madrid	SI	NO QUIERE	687322266		jmanchon79@hotmail.com		20		Mensual	Del 1 al 5	Domiciliación	Cuota	GRACIAS POR TU AYUDA - Fundación Aladina		Julia Manchon Sanchez-Escribano - Domiciliación		\N	Socio	\N	2011-03-11	2531	David Torres Martín	femenino	ES2600496250512516052315	Julia Manchon Sanchez-Escribano - Socio	
133	D.	F2F Boost Impact (Madrid)	F2F	Patrick	Lebraud	NIE	X2089259P	1972-11-20	C/ Amparo 68	28224	Pozuelo	Madrid	SI	SI	607410050		lebraudpatrick@gmail.com		20		Mensual	Del 25 al 30	Domiciliación	Cuota	GRACIAS POR TU AYUDA - Fundación Aladina		Patrick Lebraud  - Domiciliación		\N	Socio	\N	2011-03-11	2532	Diego Pulido Marqués	masculino	ES5021000600850204142073	Patrick Lebraud  - Socio	
134	D.	F2F Boost Impact (Madrid)	F2F	Juan	Casanovas González	NIF	50869684D	1976-12-01	C/ Ferro de los perdigones 1, bloque 1, portal 3 piso 3A	28224	Pozuelo	Madrid	SI	SI	648092888		jumanjisolar@gmail.com		20		Mensual	Del 1 al 5	Domiciliación	Cuota	GRACIAS POR TU AYUDA - Fundación Aladina		Juan Casanovas González  - Domiciliación		\N	Socio	\N	2011-03-11	2532	Diego Pulido Marqués	masculino	ES2814650100911728879220	Juan Casanovas González  - Socio	
135	Dña.	F2F Boost Impact (Madrid)	F2F	Monica	Iglesias Salgueiro	NIF	53814878F	1994-04-21	Av/ De Nacacerrada 4, portal 2,3A	28224	Pozuelo	Madrid	SI	NO QUIERE	696489059		mis2104@hotmail.com		120	120	Anual	Del 1 al 5	Domiciliación	Cuota	GRACIAS POR TU AYUDA - Fundación Aladina		Monica Iglesias Salgueiro - Domiciliación		\N	Socio	\N	2011-03-11	2531	David Torres Martín	femenino	ES8900496109692716383689	Monica Iglesias Salgueiro - Socio	
136	Dña.	F2F Boost Impact (Madrid)	F2F	Concepción	Sojo Arroba	NIF	01087149P	1953-11-30	C/ Alcalde Jesus Prieto 5, piso 3 A	28970	Getafe	Madrid	SI	NO QUIERE	649929526		konyaiza53@gmail.com		15	15	Mensual	Del 1 al 5	Domiciliación	Cuota	GRACIAS POR TU AYUDA - Fundación Aladina		Concepción  Sojo Arroba - Domiciliación		\N	Socio	\N	2011-03-11	2532	Diego Pulido Marqués	femenino	ES7401824927530201620775	Concepción  Sojo Arroba - Socio	
137	Dña.	F2F Boost Impact (Madrid)	F2F	Clara Isabel	Saiz Escriva de Romaní	NIF	02313189X	1996-01-07	C/ Del Monasterio de las Batuecas 21, portal c piso 1 puerta b	28049	Madrid	Madrid	SI	SI	661661249		clarasaiz7@gmail.com		20		Mensual	Del 1 al 5	Domiciliación	Cuota	GRACIAS POR TU AYUDA - Fundación Aladina		Clara Isabel Saiz Escriva de Romaní - Domiciliación		\N	Socio	\N	2011-03-11	2532	Diego Pulido Marqués	femenino	ES8700496138322690069734	Clara Isabel Saiz Escriva de Romaní - Socio	
138	Dña.	F2F Boost Impact (Madrid)	F2F	Hanna	Zuchowska	NIE	Z2414758Q	1986-10-21	C/Maria de Guzman 25,1A	28003	Madrid	Madrid	SI	NO QUIERE	618065921		hzuchowska@ymail.com		15	15	Mensual	Del 1 al 5	Domiciliación	Cuota	GRACIAS POR TU AYUDA - Fundación Aladina		Hanna Zuchowska - Domiciliación		\N	Socio	\N	2011-03-11	2531	David Torres Martín	femenino	ES0600490126682810804937	Hanna Zuchowska - Socio	
139	Dña.	F2F Boost Impact (Madrid)	F2F	Lourdes	De Diego Martín	NIF	05279907G	1974-09-15	C/ San pedro 3, esc b piso 2a	28229	Villanueva del pardillo	Madrid	SI	SI	625938157		lourdesdiego74@hotmail.com		10	10	Mensual	Del 1 al 5	Domiciliación	Cuota	GRACIAS POR TU AYUDA - Fundación Aladina		Lourdes De Diego Martín - Domiciliación		\N	Socio	\N	2011-03-11	2532	Diego Pulido Marqués	femenino	ES5321002023880200093916	Lourdes De Diego Martín - Socio	
140	Dña.	F2F Boost Impact (Madrid)	F2F	Tamara	Sierra López	NIF	47288128J	1986-03-23	C/ Marques de la Valdavia 28, piso 3 puerta 2	28100	Alcobendas	Madrid	SI	SI	638538119	637393457	tsierralopez@gmail.com		30		Mensual	Del 1 al 5	Domiciliación	Cuota	GRACIAS POR TU AYUDA - Fundación Aladina		Tamara Sierra López - Domiciliación		\N	Socio	\N	2011-03-11	2532	Diego Pulido Marqués	femenino	ES8200810155800003106320	Tamara Sierra López - Socio	
141	Dña.	F2F Boost Impact (Madrid)	F2F	Maria	Navas Leon	NIF	02293882T	1990-05-11	Paseo Imperial 17, 3A	28005	Madrid	Madrid	SI	NO QUIERE	620074663		maria.navas90@gmail.com		10	10	Mensual	Del 1 al 5	Domiciliación	Cuota	GRACIAS POR TU AYUDA - Fundación Aladina		Maria  Navas Leon - Domiciliación		\N	Socio	\N	2011-03-11	2531	David Torres Martín	femenino	ES1800730100570663539643	Maria  Navas Leon - Socio	
142	D.	F2F Boost Impact (Madrid)	F2F	Luis	Kubusch Martínez	NIF	51080478P	1977-08-21	C/ Encanto 5, bloque 8 piso 2D	28109	Alcobendas	Madrid	SI	SI	630616956		lkubusch@gmail.com		10	10	Mensual	Del 25 al 30	Domiciliación	Cuota	GRACIAS POR TU AYUDA - Fundación Aladina		Luis  Kubusch Martínez  - Domiciliación		\N	Socio	\N	2011-03-11	2532	Diego Pulido Marqués	masculino	ES4900490113512710797967	Luis  Kubusch Martínez  - Socio	
143	Dña.	F2F Boost Impact (Madrid)	F2F	Lorena	Serrano Lopez	NIF	46894395V	1979-05-29	C/Perseo 3,11B	28938	Mostoles	Mostoles	SI	NO QUIERE	605860323		serranolopezlorena36@gmail.com		15	15	Mensual	Del 1 al 5	Domiciliación	Cuota	GRACIAS POR TU AYUDA - Fundación Aladina		Lorena Serrano Lopez - Domiciliación		\N	Socio	\N	2011-03-11	2531	David Torres Martín	femenino	ES5901821348710201551181	Lorena Serrano Lopez - Socio	
144	Dña.	F2F Boost Impact (Madrid)	F2F	Maria del Carmen	Villodas Dela Lastra	NIF	01184556X	1973-08-01	Ronda Buganvilla del Rey 46	28023	Madrid	Madrid	SI	NO QUIERE	669617570		cvillodasl@gmail.com		15	15	Mensual	Del 1 al 5	Domiciliación	Cuota	GRACIAS POR TU AYUDA - Fundación Aladina		Maria del Carmen Villodas Dela Lastra - Domiciliación		\N	Socio	\N	2011-03-11	2531	David Torres Martín	femenino	ES9621003533511300379889	Maria del Carmen Villodas Dela Lastra - Socio	
145	Dña.	F2F Boost Impact (Madrid)	F2F	Sonia Belén	Paredes Gómez	NIE	Y4493183D	1990-11-27	C/ Amaniel 29,piso 2 puerta A	28015	Madrid	Madrid	SI	SI	603353319		soniabep@ucm.es		20		Mensual	Del 25 al 30	Domiciliación	Cuota	GRACIAS POR TU AYUDA - Fundación Aladina		Sonia Belén Paredes Gómez  - Domiciliación		\N	Socio	\N	2011-03-11	2532	Diego Pulido Marqués	femenino	ES2000493714712114094328	Sonia Belén Paredes Gómez  - Socio	
146	Dña.	F2F Boost Impact (Madrid)	F2F	Natalia	Galiana Debourcieu	NIF	00833562L	1970-07-31	C/Valle de Pas 35	28023	Madrid	Madrid	SI	NO QUIERE	609153977		nataliagalianad@gmail.com		10	10	Mensual	Del 1 al 5	Domiciliación	Cuota	GRACIAS POR TU AYUDA - Fundación Aladina		Natalia Galiana Debourcieu - Domiciliación		\N	Socio	\N	2011-03-11	2531	David Torres Martín	femenino	ES7321009415772200202443	Natalia Galiana Debourcieu - Socio	
147	Dña.	F2F Boost Impact (Madrid)	F2F	Gisele Adriana	Schiavinato	NIE	Y7939287T	1982-08-07	C/ Oviedo 9, piso 1 B	28914	Leganés	Madrid	SI	SI	642238031		giseleschiavinato.gs@gmail.com		15	15	Mensual	Del 1 al 5	Domiciliación	Cuota	GRACIAS POR TU AYUDA - Fundación Aladina		Gisele Adriana Schiavinato - Domiciliación		\N	Socio	\N	2011-03-11	2532	Diego Pulido Marqués	femenino	ES9301821286350201620617	Gisele Adriana Schiavinato - Socio	
148	Dña.	F2F Boost Impact (Madrid)	F2F	Laura Marisela	Ruiz Diaz	Pasaporte	A050392	1991-04-29	C/mizar 14	28023	Madrid	Madrid	SI	NO QUIERE	604250812		lauramarisela@gmail.com		15	15	Mensual	Del 1 al 5	Domiciliación	Cuota	GRACIAS POR TU AYUDA - Fundación Aladina		Laura Marisela Ruiz Diaz - Domiciliación		\N	Socio	\N	2011-03-11	2531	David Torres Martín	femenino	ES1701827382160201772173	Laura Marisela Ruiz Diaz - Socio	
149	D.	F2F Boost Impact (Madrid)	F2F	Jose Manuel	Gomez Prieto	NIF	50769242P	1988-01-02	Plaza de almuñecar 9,1 Drch	28008	Madrid	Madrid	SI	NO QUIERE	618084866		goirak1988@gmail.com		20		Mensual	Del 1 al 5	Domiciliación	Cuota	GRACIAS POR TU AYUDA - Fundación Aladina		Jose Manuel Gomez Prieto - Domiciliación		\N	Socio	\N	2011-03-11	2531	David Torres Martín	masculino	ES6900730100550679184050	Jose Manuel Gomez Prieto - Socio	
150	Dña.	F2F Boost Impact (Madrid)	F2F	Diana Geraldine	Mendez Morán	NIE	X8177927R	1989-05-10	C/ Cerro de Buenavista 24	28905	Getafe	Madrid	SI	SI	640537324		dianamendezmoran@gmail.com		20		Mensual	Del 1 al 5	Domiciliación	Cuota	GRACIAS POR TU AYUDA - Fundación Aladina		Diana Geraldine Mendez Morán - Domiciliación		\N	Socio	\N	2011-03-11	2532	Diego Pulido Marqués	femenino	ES9114650100951736363865	Diana Geraldine Mendez Morán - Socio	
151	D.	F2F Boost Impact (Madrid)	F2F	Carlos	Fernandez Rodríguez	NIF	50168908C	1967-09-02	C/ Barrionuevo 9	45622	Mejorada	Toledo	SI	SI	650499288		cfernandez67@gmail.com		30		Mensual	Del 1 al 5	Domiciliación	Cuota	GRACIAS POR TU AYUDA - Fundación Aladina		Carlos Fernandez Rodríguez  - Domiciliación		\N	Socio	\N	2011-03-11	2532	Diego Pulido Marqués	masculino	ES3221004160012200055368	Carlos Fernandez Rodríguez  - Socio	
152	D.	F2F Boost Impact (Madrid)	F2F	Oscar	Sierra Valentin	NIF	04636077J	2000-05-21	C/Santa Cecilia 13	16415	Villamayor de Santiago	Cuenca	SI	NO QUIERE	648675809		oscarsierravalentin@gmail.com		10	10	Mensual	Del 1 al 5	Domiciliación	Cuota	GRACIAS POR TU AYUDA - Fundación Aladina		Oscar Sierra Valentin - Domiciliación		\N	Socio	\N	2011-03-11	2531	David Torres Martín	masculino	ES9000493816152714055306	Oscar Sierra Valentin - Socio	
153	D.	F2F Boost Impact (Madrid)	F2F	Rojelio Gregorio	Dominguez	NIE	Y8166763Y	1971-09-10	C/ Callejon de san martin 2, puerta 4	45002	Toledo	Toledo	SI	SI	694237945		rojedominguez@gmail.com		20		Mensual	Del 1 al 5	Domiciliación	Cuota	GRACIAS POR TU AYUDA - Fundación Aladina		Rojelio Gregorio Dominguez - Domiciliación		\N	Socio	\N	2011-03-11	2532	Diego Pulido Marqués	masculino	ES7620805810203040079394	Rojelio Gregorio Dominguez - Socio	
154	Dña.	F2F Boost Impact (Madrid)	F2F	Elena	Marcos Serrano	NIF	05427010E	1974-11-26	C/ Comunidad de la Rioja 127, piso 1C	28231	Las rozas	Madrid	SI	SI	638414251		lnamarcos@hotmail.com		20		Mensual	Del 1 al 5	Domiciliación	Cuota	GRACIAS POR TU AYUDA - Fundación Aladina		Elena Marcos Serrano - Domiciliación		\N	Socio	\N	2011-03-11	2532	Diego Pulido Marqués	femenino	ES3814650100931700998717	Elena Marcos Serrano - Socio	
155	Dña.	F2F Boost Impact (Madrid)	F2F	Maria Fatima	Hernandez Garcia	NIF	07827643F	1957-11-09	C/ San martin de porres 14, portal b piso 2A	28035	Madrid	Madrid	SI	SI	696905259		fatimavox@gmail.com		10	10	Mensual	Del 1 al 5	Domiciliación	Cuota	GRACIAS POR TU AYUDA - Fundación Aladina		Maria Fatima  Hernandez Garcia  - Domiciliación		\N	Socio	\N	2011-03-11	2531	David Torres Martín	femenino	ES5400495104162495029428	Maria Fatima  Hernandez Garcia  - Socio	
156	Dña.	F2F Boost Impact (Madrid)	F2F	Valentina	Briceño Alvarez	NIF	50587829L	1990-04-17	C/Junta de Castilla y León 8,3B	28660	Boadilla	Madrid	SI	NO QUIERE	664064472		bricenovalen@gmail.com		15	15	Mensual	Del 1 al 5	Domiciliación	Cuota	GRACIAS POR TU AYUDA - Fundación Aladina		Valentina Briceño Alvarez - Domiciliación		\N	Socio	\N	2011-03-11	2531	David Torres Martín	femenino	ES1201829465600208620954	Valentina Briceño Alvarez - Socio	
157	Dña.	F2F Boost Impact (Madrid)	F2F	Magdalena	Herran Aguirre	NIF	53815392S	2001-06-29	C/ Algenib 4	28023	Madrid	Madrid	SI	NO QUIERE	648988782		maggieherran@gmail.com		15	15	Mensual	Del 1 al 5	Domiciliación	Cuota	GRACIAS POR TU AYUDA - Fundación Aladina		Magdalena Herran Aguirre - Domiciliación		\N	Socio	\N	2011-03-11	2531	David Torres Martín	femenino	ES4701820450190201504852	Magdalena Herran Aguirre - Socio	
158	Dña.	F2F Boost Impact (Madrid)	F2F	Mireya	Martinez Salas	NIF	06032004R	1995-04-06	C/Lisboa 68	28693	Quijorna	Madrid	SI	NO QUIERE	660936646		mireyamartinez122@gmail.com		10	10	Mensual	Del 1 al 5	Domiciliación	Cuota	GRACIAS POR TU AYUDA - Fundación Aladina		Mireya Martinez Salas - Domiciliación		\N	Socio	\N	2011-03-11	2531	David Torres Martín	femenino	ES2800491770962710310158	Mireya Martinez Salas - Socio	
159	Dña.	F2F Boost Impact (Madrid)	F2F	Juana	Lopez López	NIF	04147884H	1959-02-18	C/ Comuneras de Castilla	45600	Talavera de la Reina	Toledo	SI	SI	673080706		rfernandezdavid@hotmail.com		10	10	Mensual	El 11	Domiciliación	Cuota	GRACIAS POR TU AYUDA - Fundación Aladina		Juana Lopez López  - Domiciliación		\N	Socio	\N	2011-03-11	2532	Diego Pulido Marqués	femenino	ES8321008027720100035862	Juana Lopez López  - Socio	
160	D.	F2F Boost Impact (Madrid)	F2F	Building Opportunities Global, SL	.	CIF	B70790084	1976-09-27	C/ Hernani 37, piso 4C	28020	MADRID	Madrid	SI	SI	686243068		beticalmi2@gmail.com		30		Mensual	Del 1 al 5	Domiciliación	Cuota	GRACIAS POR TU AYUDA - Fundación Aladina		Building Opportunities Global, SL  . - Domiciliación		\N	Socio	\N	2011-03-11	2532	Diego Pulido Marqués	masculino	ES5331832801653246454320	Building Opportunities Global, SL  . - Socio	
161	Dña.	F2F Boost Impact (Madrid)	F2F	Maria	Rams Alonso	NIF	02566838S	2001-05-04	C/Felipe Olvera 19	28223	Pozuelo	Madrid	SI	NO QUIERE	684144775		maria.rams22@gmail.com		15	15	Mensual	Del 1 al 5	Domiciliación	Cuota	GRACIAS POR TU AYUDA - Fundación Aladina		Maria Rams Alonso - Domiciliación		\N	Socio	\N	2011-03-11	2531	David Torres Martín	femenino	ES2900495185492916153397	Maria Rams Alonso - Socio	
162	Dña.	F2F Boost Impact (Madrid)	F2F	Nadia	Rodriguez Casado	NIF	53730349A	1992-07-15	C/ Luna 7, piso 1 puerta 2	28220	Majadahonda	Madrid	SI	NO QUIERE	608787445		rodriguezcasadonadia@gmail.com		15	15	Mensual	Del 1 al 5	Domiciliación	Cuota	GRACIAS POR TU AYUDA - Fundación Aladina		Nadia  Rodriguez Casado - Domiciliación		\N	Socio	\N	2011-03-11	2532	Diego Pulido Marqués	femenino	ES6921004819081300357564	Nadia  Rodriguez Casado - Socio	
163	Dña.	F2F Boost Impact (Madrid)	F2F	Claudia	Núñez Escudero	NIF	32069964Y	1989-09-12	C/ Evangelina Sobrero Galanes 42 C	28023	Madrid	Madrid	SI	SI	686033361		cne_claudia@hotmail.com		10	10	Mensual	Del 1 al 5	Domiciliación	Cuota	GRACIAS POR TU AYUDA - Fundación Aladina		Claudia Núñez Escudero - Domiciliación		\N	Socio	\N	2011-03-11	2532	Diego Pulido Marqués	femenino	ES3821002446011300165745	Claudia Núñez Escudero - Socio	
164	Dña.	F2F Boost Impact (Madrid)	F2F	Beatriz	Rubio Martinez De Lecea	NIF	51071649B	1976-08-12	C/Manzano 3,portal E,3A	28224	Pozuelo	Madrid	SI	NO QUIERE	649920418		brubiolecea@gmail.com		10	10	Mensual	Del 1 al 5	Domiciliación	Cuota	GRACIAS POR TU AYUDA - Fundación Aladina		Beatriz Rubio Martinez De Lecea - Domiciliación		\N	Socio	\N	2011-03-11	2531	David Torres Martín	femenino	ES6521004156041300159928	Beatriz Rubio Martinez De Lecea - Socio	
165	Dña.	F2F Boost Impact (Madrid)	F2F	Irene	Quero Solache	NIF	02635849A	1971-02-25	C/ Los Rosales 10	45646	San Roman de los Montes	Toledo	SI	SI	646322080		davidirene1993@gmail.com		20		Mensual	Del 1 al 5	Domiciliación	Cuota	GRACIAS POR TU AYUDA - Fundación Aladina		Irene Quero Solache - Domiciliación		\N	Socio	\N	2011-03-11	2532	Diego Pulido Marqués	femenino	ES5221001202420100159920	Irene Quero Solache - Socio	
166	Dña.	F2F Boost Impact (Madrid)	F2F	Purificación	Muñoz Navarrete	NIF	27147682T	1943-07-14	Av/ Del Talgo 53, apartamento 407	28023	Madrid	Madrid	SI	SI	649579025		purimuoz8@gmail.com		10	10	Mensual	El 11	Domiciliación	Cuota	GRACIAS POR TU AYUDA - Fundación Aladina		Purificación Muñoz Navarrete - Domiciliación		\N	Socio	\N	2011-03-11	2532	Diego Pulido Marqués	femenino	ES3800493805862814671801	Purificación Muñoz Navarrete - Socio	
167	Dña.	F2F Boost Impact (Madrid)	F2F	Susana	Meneses Meneses	NIF	51404689B	1970-10-30	C/Santa Vigilia 11,7C	28033	Madrid	Madrid	SI	NO QUIERE	609335233		susanameneses@yahoo.es		10	10	Mensual	Del 1 al 5	Domiciliación	Cuota	GRACIAS POR TU AYUDA - Fundación Aladina		Susana Meneses Meneses - Domiciliación		\N	Socio	\N	2011-03-11	2531	David Torres Martín	femenino	ES8720859975410330082360	Susana Meneses Meneses - Socio	
168	Dña.	F2F Boost Impact (Madrid)	F2F	Gonzalo	Portal Rosa	NIF	45878329E	1993-06-18	C/Ronda de la Maliciosa 38	28413	El Boalo	Madrid	SI	NO QUIERE	628776134		gonzaloportal9@gmail.com		20		Mensual	Del 1 al 5	Domiciliación	Cuota	GRACIAS POR TU AYUDA - Fundación Aladina		Gonzalo Portal Rosa - Domiciliación		\N	Socio	\N	2011-03-11	2531	David Torres Martín	femenino	ES8800492669082314276319	Gonzalo Portal Rosa - Socio	
169	Dña.	F2F Boost Impact (Madrid)	F2F	Josimar	Peralta Benítez	NIF	54496401V	1980-09-21	C/ Pescadores 9, piso 2 puerta 4	28037	Madrid	Madrid	SI	SI	640395869		josimar.peralta.r@gmail.com		20		Mensual	Del 25 al 30	Domiciliación	Cuota	GRACIAS POR TU AYUDA - Fundación Aladina		Josimar Peralta Benítez - Domiciliación		\N	Socio	\N	2011-03-11	2532	Diego Pulido Marqués	femenino	ES1600494433802110019414	Josimar Peralta Benítez - Socio	
170	Dña.	F2F Boost Impact (Madrid)	F2F	Maria	Cañada Moreno	NIF	53985532R	1998-02-17	C/Derechos Humanos 8	06400	Don Benito	Badajoz	SI	NO QUIERE	693779612		canadamaria32r@gmail.com		15	15	Mensual	Del 1 al 5	Domiciliación	Cuota	GRACIAS POR TU AYUDA - Fundación Aladina		Maria Cañada Moreno - Domiciliación		\N	Socio	\N	2011-03-11	2531	David Torres Martín	femenino	ES4614650716591724921261	Maria Cañada Moreno - Socio	
171	D.	F2F Boost Impact (Madrid)	F2F	José Manuel	Pérez Seoane	NIF	02734062Y	1999-04-07	Av/ Camilo Jose Cela 33, piso 2 puerta C	28028	Madrid	Madrid	SI	NO QUIERE	630884150		josemps222@gmail.com		15	15	Mensual	Del 1 al 5	Domiciliación	Cuota	GRACIAS POR TU AYUDA - Fundación Aladina		José Manuel Pérez Seoane - Domiciliación		\N	Socio	\N	2011-03-11	2532	Diego Pulido Marqués	masculino	ES1221009440692200324515	José Manuel Pérez Seoane - Socio	
172	D.	F2F Boost Impact (Madrid)	F2F	Carlos	Rey Portela	NIF	44842368G	1986-08-06	C/Malaga 4,5A	28003	Madrid	Madrid	SI	NO QUIERE	660304827		carlosreypor@gmail.com		20		Mensual	Del 1 al 5	Domiciliación	Cuota	GRACIAS POR TU AYUDA - Fundación Aladina		Carlos Rey Portela - Domiciliación		\N	Socio	\N	2011-03-11	2531	David Torres Martín	masculino	ES7500491034292010689268	Carlos Rey Portela - Socio	
173	D.	F2F Boost Impact (Madrid)	F2F	Antonio	Roig Marimon	NIF	78191832C	1954-02-21	Carrer Los Almendros 1	07560	Cala Millor	Baleares	SI	SI	971585871		tonivoramar@hotmail.com		15	15	Mensual	Del 25 al 30	Domiciliación	Cuota	GRACIAS POR TU AYUDA - Fundación Aladina		Antonio Roig Marimon - Domiciliación		\N	Socio	\N	2011-03-11	2532	Diego Pulido Marqués	masculino	ES4521000571170200007082	Antonio Roig Marimon - Socio	
174	Dña.	F2F Boost Impact (Madrid)	F2F	Vanessa Del Carmen	Azocar	NIE	Y9671344L	1988-12-01	C/Fray Luis de Leon 9, 4A	07011	Mallorca	Islas Baleares	SI	NO QUIERE	664435056		gsosa29@hotmail.com		15	15	Mensual	Del 1 al 5	Domiciliación	Cuota	GRACIAS POR TU AYUDA - Fundación Aladina		Vanessa Del Carmen  Azocar - Domiciliación		\N	Socio	\N	2011-03-11	2531	David Torres Martín	femenino	ES2200490993202910776859	Vanessa Del Carmen  Azocar - Socio	
175	Dña.	F2F Boost Impact (Madrid)	F2F	Marta	Fiol Solivellas	NIF	43211198V	1990-05-23	C/ Angel Guimerá 48, piso 6 N	07004	Palma	Baleares	SI	SI	650770956		carmgn@gmail.com		15	15	Mensual	Del 1 al 5	Domiciliación	Cuota	GRACIAS POR TU AYUDA - Fundación Aladina		Marta Fiol Solivellas - Domiciliación		\N	Socio	\N	2011-03-11	2532	Diego Pulido Marqués	femenino	ES7714650100971716810953	Marta Fiol Solivellas - Socio	
176	Dña.	F2F Boost Impact (Madrid)	F2F	María Ángeles	Girón Esteban	NIF	19863456N	1945-03-22	C/ Benapons Fabregas 21, piso 1 C	07007	Palma	Baleares	SI	SI	657030401				20	15	Mensual	Del 25 al 30	Domiciliación	Cuota	GRACIAS POR TU AYUDA - Fundación Aladina		María Ángeles Girón Esteban - Domiciliación		\N	Socio	\N	2011-03-11	2532	Diego Pulido Marqués	femenino	ES7921000193940200189116	María Ángeles Girón Esteban - Socio	
177	Dña.	F2F Boost Impact (Madrid)	F2F	Marisa	Ayoso Rus	NIF	44669165Z	2000-11-13	C/Antoni Maria Alcover 28, 3E	07013	Mallorca	Islas Baleares	SI	NO QUIERE	610012888		marisaayosorus@hotmail.com		15	15	Mensual	Del 1 al 5	Domiciliación	Cuota	GRACIAS POR TU AYUDA - Fundación Aladina		Marisa Ayoso Rus - Domiciliación		\N	Socio	\N	2011-03-11	2531	David Torres Martín	femenino	ES0800817447390006199425	Marisa Ayoso Rus - Socio	
178	Dña.	F2F Boost Impact (Madrid)	F2F	Xiomara Roxana	Roca Galan	NIE	Y5588420D	1995-12-13	C/Joan Crespi 8, bajo	07014	Mallorca	Islas Baleares	SI	NO QUIERE	611163693		xiomara593r@gmail.com		10	10	Mensual	Del 1 al 5	Domiciliación	Cuota	GRACIAS POR TU AYUDA - Fundación Aladina		Xiomara Roxana Roca Galan - Domiciliación		\N	Socio	\N	2011-03-11	2531	David Torres Martín	femenino	ES5414650100911747575308	Xiomara Roxana Roca Galan - Socio	
179	Dña.	F2F Boost Impact (Madrid)	F2F	Yesica Liliana	Sierra	NIE	Z1420006Z	1989-12-19	C/ Miquel Santandreu 42, piso 4 A	07006	Palma	Baleares	SI	NO QUIERE	642747812		ylsierra1289@gmail.com		20		Mensual	El 11	Domiciliación	Cuota	GRACIAS POR TU AYUDA - Fundación Aladina		Yesica Liliana  Sierra - Domiciliación		\N	Socio	\N	2011-03-11	2532	Diego Pulido Marqués	femenino	ES9514650100911762628000	Yesica Liliana  Sierra - Socio	
180	Dña.	F2F Boost Impact (Madrid)	F2F	Maria Ángeles	Ferrer Provenzal	NIF	43190072M	1990-12-12	C/ juan XXIII, 21 bajo	07470	Puerto Pollença	Baleares	SI	NO QUIERE	649075526		m_angels_6@hotmail.com		60	60	Trimestral	Del 1 al 5	Domiciliación	Cuota	GRACIAS POR TU AYUDA - Fundación Aladina		Maria Ángeles Ferrer Provenzal - Domiciliación		\N	Socio	\N	2011-03-11	2532	Diego Pulido Marqués	femenino	ES7421000799850200426679	Maria Ángeles Ferrer Provenzal - Socio	
181	Dña.	F2F Boost Impact (Madrid)	F2F	Eliana Carolina	Castrillón Rojo	NIE	Z1234523A	1988-01-03	C/ Torre de Bibiloni 33, piso 2 izquierda	07006	Palma	Baleares	SI	NO QUIERE	604870369		castrilloncarolina219@gmail.com		20		Mensual	Del 25 al 30	Domiciliación	Cuota	GRACIAS POR TU AYUDA - Fundación Aladina		Eliana Carolina Castrillón Rojo - Domiciliación		\N	Socio	\N	2011-03-11	2532	Diego Pulido Marqués	femenino	ES5621000150680200899987	Eliana Carolina Castrillón Rojo - Socio	
182	D.	F2F Boost Impact (Madrid)	F2F	Esteban Samir	Alour Ruiz	NIF	34068706W	1974-11-15	Av/ Puig de Zaragoza 8, bloque c piso 1 B	07180	Santa Ponça	Baleares	SI	NO QUIERE	654921821		estebansamir@msn.com		15	15	Mensual	Del 1 al 5	Domiciliación	Cuota	GRACIAS POR TU AYUDA - Fundación Aladina		Esteban Samir Alour Ruiz - Domiciliación		\N	Socio	\N	2011-03-11	2532	Diego Pulido Marqués	masculino	ES6000494883972616070091	Esteban Samir Alour Ruiz - Socio	
183	Dña.	F2F Boost Impact (Madrid)	F2F	Ana	Garau Vera	NIF	43187537T	1986-08-12	Paseo Illetas 54,bajo C	07181	Calvia	Islas Baleares	SI	NO QUIERE	659786583		ana_garau@hotmail.com		20		Mensual	Del 1 al 5	Domiciliación	Cuota	GRACIAS POR TU AYUDA - Fundación Aladina		Ana Garau Vera - Domiciliación		\N	Socio	\N	2011-03-11	2531	David Torres Martín	femenino	ES9821004440701300420193	Ana Garau Vera - Socio	
184	D.	F2F Boost Impact (Madrid)	F2F	Cristian	Costa Wilson	NIF	47259101N	1993-09-23	C/Geranios 5	07820	Ibiza	Islas Baleares	SI	NO QUIERE	636054593		costawilsoncristian@gmail.com		10	10	Mensual	Del 1 al 5	Domiciliación	Cuota	GRACIAS POR TU AYUDA - Fundación Aladina		Cristian Costa Wilson - Domiciliación		\N	Socio	\N	2011-03-11	2531	David Torres Martín	masculino	ES1121008162741300068526	Cristian Costa Wilson - Socio	
185	Dña.	F2F Boost Impact (Madrid)	F2F	Giovanna	Perchiavalli	NIE	Y8647373P	1988-09-16	C/ Adolf vazquez humasue 7, piso 1B	07015	Palma	Baleares	SI	NO QUIERE	662571755		giu_valli@hotmail.com		20		Mensual	Del 1 al 5	Domiciliación	Cuota	GRACIAS POR TU AYUDA - Fundación Aladina		Giovanna Perchiavalli - Domiciliación		\N	Socio	\N	2011-03-11	2532	Diego Pulido Marqués	femenino	ES8500493035022914024402	Giovanna Perchiavalli - Socio	
186	Dña.	F2F Boost Impact (Madrid)	F2F	Gissella Del Pilar	Molina Mendoza	NIE	Y0404203S	1999-11-22	C/Maria Canals 24,4, 1	07005	Mallorca	Islas Baleares	SI	NO QUIERE	611630823		pilar20111999@gmail.com		15	15	Mensual	Del 1 al 5	Domiciliación	Cuota	GRACIAS POR TU AYUDA - Fundación Aladina		Gissella Del Pilar Molina Mendoza  - Domiciliación		\N	Socio	\N	2011-03-11	2531	David Torres Martín	femenino	ES9200810246920001608463	Gissella Del Pilar Molina Mendoza  - Socio	
187	D.	F2F Boost Impact (Madrid)	F2F	Miguel Ángel	Diaz Hernández	NIF	76145865H	1979-04-22	C/ Las Viñas 5	23485	Pozo Alcón	Jaen	SI	NO QUIERE	648545450		bioecoelpelao@gmail.com		20		Mensual	Del 1 al 5	Domiciliación	Cuota	GRACIAS POR TU AYUDA - Fundación Aladina		Miguel Ángel  Diaz Hernández - Domiciliación		\N	Socio	\N	2011-03-11	2532	Diego Pulido Marqués	masculino	ES4900490487592810089512	Miguel Ángel  Diaz Hernández - Socio	
188	Dña.	F2F Boost Impact (Madrid)	F2F	Sonia, helene	Vincent	NIE	X3572383T	1977-08-05	Plaza Can Ribes 4, casa 2	07007	Palma	Baleares	SI	NO QUIERE	649881824		soniavincent07@gmail.com		15	15	Mensual	El 11	Domiciliación	Cuota	GRACIAS POR TU AYUDA - Fundación Aladina		Sonia, helene Vincent - Domiciliación		\N	Socio	\N	2011-03-11	2532	Diego Pulido Marqués	femenino	ES1614650724321711180928	Sonia, helene Vincent - Socio	
189	Dña.	F2F Boost Impact (Madrid)	F2F	Alexandra	Graur	NIE	Y6591051R	1993-02-14	C/Andreu Ferret 11, Bajo D	07015	Mallorca	Islas Baleares	SI	NO QUIERE	615532400		alexandragraur1993@gmail.com		15	15	Mensual	Del 1 al 5	Domiciliación	Cuota	GRACIAS POR TU AYUDA - Fundación Aladina		Alexandra Graur - Domiciliación		\N	Socio	\N	2011-03-11	2531	David Torres Martín	femenino	ES0400730100580608291071	Alexandra Graur - Socio	
190	Dña.	F2F Boost Impact (Madrid)	F2F	Aleksandra	Rosenova Antonova	NIE	Y0247434Z	2003-01-27	C/Andreu Feliu 37,4,2A	07010	Mallorca	Islas Baleares	SI	NO QUIERE	610892458		aleksroanto@gmail.com		15	15	Mensual	Del 1 al 5	Domiciliación	Cuota	GRACIAS POR TU AYUDA - Fundación Aladina		Aleksandra Rosenova Antonova - Domiciliación		\N	Socio	\N	2011-03-11	2531	David Torres Martín	femenino	ES5500497616132910010607	Aleksandra Rosenova Antonova - Socio	
191	Dña.	F2F Boost Impact (Madrid)	F2F	Aleksandra	Rosenova Antonova	NIE	Y0247434Z	2003-01-27	C/Andreu Feliu 37,4,2A	07010	Mallorca	Islas Baleares	SI	NO QUIERE	610892458		ALEKSROANTO@GMAIL.COM		15	15	Mensual	Del 1 al 5	Domiciliación	Cuota	GRACIAS POR TU AYUDA - Fundación Aladina		Aleksandra Rosenova Antonova - Domiciliación		\N	Socio	\N	2011-03-11	2531	David Torres Martín	femenino	ES5500497616132910010607	Aleksandra Rosenova Antonova - Socio	
192	D.	F2F Boost Impact (Madrid)	F2F	Ronald José	Colón Montero	NIE	Z0846272S	2003-09-12	C/ Son Cotonert 38, bajo A	07014	Palma	Baleares	SI	NO QUIERE	658705447		rolad1223@gmail.com		20		Mensual	El 11	Domiciliación	Cuota	GRACIAS POR TU AYUDA - Fundación Aladina		Ronald José Colón Montero - Domiciliación		\N	Socio	\N	2011-03-11	2532	Diego Pulido Marqués	masculino	ES1521000551520200683773	Ronald José Colón Montero - Socio	
193	Dña.	F2F Boost Impact (Madrid)	F2F	Aitana	Benestar Vidal	NIF	45699264N	1999-12-14	C/Ramiro de Maeztu 19,2A	07013	Mallorca	Islas Baleares	SI	NO QUIERE	692970038		beviaitana@gmail.com		15	15	Mensual	Del 1 al 5	Domiciliación	Cuota	GRACIAS POR TU AYUDA - Fundación Aladina		Aitana Benestar Vidal - Domiciliación		\N	Socio	\N	2011-03-11	2531	David Torres Martín	femenino	ES7121001690540100589132	Aitana Benestar Vidal - Socio	
194	Dña.	F2F Boost Impact (Madrid)	F2F	Noelia	Pacheco Añorga	NIF	49919385R	1979-04-01	Pasaje Cala Figuera 5, piso 3 puerta 2	07009	Palma	Baleares	SI	NO QUIERE	643766947		noeliapacheco79@hotmail.com		20		Mensual	Del 25 al 30	Domiciliación	Cuota	GRACIAS POR TU AYUDA - Fundación Aladina		Noelia  Pacheco Añorga - Domiciliación		\N	Socio	\N	2011-03-11	2532	Diego Pulido Marqués	femenino	ES7414650190471736780093	Noelia  Pacheco Añorga - Socio	
195	Dña.	F2F Boost Impact (Madrid)	F2F	Ana María	Sayabera Mestre	NIF	34069478S	1972-08-07	C/ Tomas Luis De Victoria 3B piso 2A	07004	Palma	Baleares	SI	NO QUIERE	660307884		anasayabera@gmail.com		15	15	Mensual	Del 1 al 5	Domiciliación	Cuota	GRACIAS POR TU AYUDA - Fundación Aladina		Ana María Sayabera Mestre - Domiciliación		\N	Socio	\N	2011-03-11	2532	Diego Pulido Marqués	femenino	ES5821000650470100970442	Ana María Sayabera Mestre - Socio	
196	Dña.	F2F Boost Impact (Madrid)	F2F	Paula	Payeras Bennasar	NIF	78210409J	1972-03-27	C/Escola 42	07420	Sa Pobla	Islas Baleares	SI	NO QUIERE	630717587		paulapb27@gmail.com		15	15	Mensual	Del 1 al 5	Domiciliación	Cuota	GRACIAS POR TU AYUDA - Fundación Aladina		Paula Payeras Bennasar - Domiciliación		\N	Socio	\N	2011-03-11	2531	David Torres Martín	femenino	ES5500494579892590005189	Paula Payeras Bennasar - Socio	
197	Dña.	F2F Boost Impact (Madrid)	F2F	Arantxa	Bocanegra Garzón	NIF	49609930B	2000-10-08	Pasaje Pic De Auñamendi 3, piso 2 puerta A	07008	Palma	Baleares	SI	NO QUIERE	634294458		arantxabg8@gmail.com		20		Mensual	Del 1 al 5	Domiciliación	Cuota	GRACIAS POR TU AYUDA - Fundación Aladina		Arantxa Bocanegra Garzón - Domiciliación		\N	Socio	\N	2011-03-11	2532	Diego Pulido Marqués	femenino	ES3621001406180101114588	Arantxa Bocanegra Garzón - Socio	
198	Dña.	F2F Boost Impact (Madrid)	F2F	Maria Leonor	Bango Alvarez	NIF	71879121G	1976-07-10	C/Lloret de Vistalegre, buzón 110	07518	Lloret	Islas Baleares	SI	NO QUIERE	691203266		llunabango@gmail.com		20		Mensual	Del 1 al 5	Domiciliación	Cuota	GRACIAS POR TU AYUDA - Fundación Aladina		Maria Leonor Bango Alvarez  - Domiciliación		\N	Socio	\N	2011-03-11	2531	David Torres Martín	femenino	ES1600493183132794013573	Maria Leonor Bango Alvarez  - Socio	
199	Dña.	F2F Boost Impact (Madrid)	F2F	Maria del Mar	Guerrero Cortes	NIF	31686910V	1973-05-02	Avenida Diagonal, Edificio ten tola 1A	07458	Campi ca for	Islas Baleares	SI	NO QUIERE	666392271				10	10	Mensual	Del 1 al 5	Domiciliación	Cuota	GRACIAS POR TU AYUDA - Fundación Aladina		Maria del Mar Guerrero Cortes - Domiciliación		\N	Socio	\N	2011-03-11	2531	David Torres Martín	femenino	ES8921006919841300303382	Maria del Mar Guerrero Cortes - Socio	
200	Dña.	F2F Boost Impact (Madrid)	F2F	Susana	Torres Aguilar	NIF	43090394D	1978-12-21	C/ Gran Canaria 12, bajo A	07400	Puerto de Alcudia	Baleares	SI	NO QUIERE	633069933		coladedelfin@gmail.com		10	10	Mensual	Del 25 al 30	Domiciliación	Cuota	GRACIAS POR TU AYUDA - Fundación Aladina		Susana Torres Aguilar - Domiciliación		\N	Socio	\N	2011-03-11	2532	Diego Pulido Marqués	femenino	ES7621007613111300207212	Susana Torres Aguilar - Socio	
201	D.	F2F Boost Impact (Madrid)	F2F	José Manuel	Pintado Díaz	NIF	28468952N	1964-10-10	Plaza Paris 7, piso 1B	07010	Palma	Madrid	SI	NO QUIERE	639815415		jarpintado@gmail.com		10	10	Mensual	Del 1 al 5	Domiciliación	Cuota	GRACIAS POR TU AYUDA - Fundación Aladina		José Manuel  Pintado Díaz - Domiciliación		\N	Socio	\N	2011-03-11	2532	Diego Pulido Marqués	masculino	ES5421000285460200457851	José Manuel  Pintado Díaz - Socio	
202	Dña.	F2F Boost Impact (Madrid)	F2F	Patricia	Tuduri Villalonga	NIF	43229656Y	1996-11-12	C/ Sicilia 15 A	07141	Marratxí	Baleares	SI	NO QUIERE	607942875		ptvillalonga@gmail.com		30		Mensual	Del 1 al 5	Domiciliación	Cuota	GRACIAS POR TU AYUDA - Fundación Aladina		Patricia Tuduri Villalonga - Domiciliación		\N	Socio	\N	2011-03-11	2532	Diego Pulido Marqués	femenino	ES3521009126832200196816	Patricia Tuduri Villalonga - Socio	
203	Dña.	F2F Boost Impact (Madrid)	F2F	Maria Dolores	Collados Llompart	NIF	78202795N	1961-01-06	C/Jaime tercero, 10, Bajo G	07300	Inca	Islas Baleares	SI	NO QUIERE	66617657		doloresmariacolladollompart@gmail.com		10	10	Mensual	Del 1 al 5	Domiciliación	Cuota	GRACIAS POR TU AYUDA - Fundación Aladina		Maria Dolores Collados Llompart - Domiciliación		\N	Socio	\N	2011-03-11	2531	David Torres Martín	femenino	ES0221006169571300499941	Maria Dolores Collados Llompart - Socio	
204	Dña.	F2F Boost Impact (Madrid)	F2F	Celine	Pujol Dartiguelongue	NIF	44327874C	1975-01-31	C/ Son Seguí 2, bloque 1, piso 1A	07150	Andratx	Baleares	SI	NO QUIERE	625539289		mayanspujol@gmail.com		30		Mensual	Del 1 al 5	Domiciliación	Cuota	GRACIAS POR TU AYUDA - Fundación Aladina		Celine  Pujol Dartiguelongue - Domiciliación		\N	Socio	\N	2011-03-11	2532	Diego Pulido Marqués	femenino	ES4021001390400200244940	Celine  Pujol Dartiguelongue - Socio	
205	Dña.	F2F Boost Impact (Madrid)	F2F	Adelaida	Marco Da Cruz	NIF	41453985G	1981-11-28	C/ San Jaime 89, bajo	07840	Santa Eulalia	Baleares	SI	NO QUIERE	659498124		adelaidinha@gmail.com		20		Mensual	El 11	Domiciliación	Cuota	GRACIAS POR TU AYUDA - Fundación Aladina		Adelaida Marco Da Cruz - Domiciliación		\N	Socio	\N	2011-03-11	2532	Diego Pulido Marqués	femenino	ES8421004508842200032189	Adelaida Marco Da Cruz - Socio	
206	D.	F2F Boost Impact (Madrid)	F2F	Veronica	Pacheco Sanchez	NIF	78222087F	1990-01-29	C/Verge de Lluc 5	07369	Mallorca	Isla Baleares	SI	NO QUIERE	667215847		veronicapachecosamchez31@gmail.com		15	15	Mensual	Del 1 al 5	Domiciliación	Cuota	GRACIAS POR TU AYUDA - Fundación Aladina		Veronica Pacheco Sanchez - Domiciliación		\N	Socio	\N	2011-03-11	2531	David Torres Martín	masculino	ES4121000096990102097529	Veronica Pacheco Sanchez - Socio	
207	Dña.	F2F Boost Impact (Madrid)	F2F	Aina	Beltran Paty	NIF	43228649B	2004-01-18	C/Rector Vives 27	07015	Mallorca	Islas Baleares	SI	NO QUIERE	649303627		ainabeltranpaty@gmail.com		10	10	Mensual	Del 1 al 5	Domiciliación	Cuota	GRACIAS POR TU AYUDA - Fundación Aladina		Aina Beltran Paty - Domiciliación		\N	Socio	\N	2011-03-11	2531	David Torres Martín	femenino	ES3414650100941747887376	Aina Beltran Paty - Socio	
208	D.	F2F Boost Impact (Madrid)	F2F	David	Torres Martín	NIF	03135670B	1985-05-28	C/Villajoyosa 67,1B	28041	Madrid	Madrid	SI	NO QUIERE	676033051		davidtormar@gmail.com		50		Mensual	Del 1 al 5	Domiciliación	Cuota	GRACIAS POR TU AYUDA - Fundación Aladina		David  Torres Martín  - Domiciliación		\N	Socio	\N	2011-03-11	2531	David Torres Martín	masculino	ES5020859973550330411561	David  Torres Martín  - Socio	
209	Dña.	F2F Boost Impact (Madrid)	F2F	Ana María	Marqués González	NIF	20259871E	1975-03-31	C/ Zamora 4, piso 9 puerta C	28922	Alcorcon	Madrid	SI	NO QUIERE	605840439		chegostar@gmail.com		50		Mensual	Del 25 al 30	Domiciliación	Cuota	GRACIAS POR TU AYUDA - Fundación Aladina		Ana María  Marqués González - Domiciliación		\N	Socio	\N	2011-03-11	2532	Diego Pulido Marqués	femenino	ES5521004738770100244027	Ana María  Marqués González - Socio	
210	Dña.	F2F Boost Impact (Madrid)	F2F	Andrea	Ruiz Cruz	NIF	48080831K	1995-08-15	Calle de Ponferrada 6. PIso 2 Puerta 4	28029	MADRID	Madrid	SI	SI	664844715		andrearuizcruz@gmail.com		20		Mensual	Del 1 al 5	Domiciliación	Cuota	GRACIAS POR TU AYUDA - Fundación Aladina		Andrea Ruiz Cruz - Domiciliación		\N	Socio	\N	2011-03-11	2531	Diego Pulido Marqués	femenino	ES5621000150680200899987	Andrea Ruiz Cruz - Socio	hola
211	Dña.	F2F Boost Impact (Madrid)	F2F	Marta	Inarejos Jiménez	NIF	51091123G	1987-12-29	Av/ Isabel de Valois 24 C, piso 2 A	28050	Madrid	Madrid	SI	NO QUIERE	679921731		marta.inarejos@gmail.com		20		Mensual	Del 1 al 5	Domiciliación	Cuota	GRACIAS POR TU AYUDA - Fundación Aladina		Marta Inarejos Jiménez - Domiciliación		\N	Socio	\N	2011-03-11	2532	Diego Pulido Marqués	femenino	ES2821003301711300253314	Marta Inarejos Jiménez - Socio	
212	Dña.	F2F Boost Impact (Madrid)	F2F	Maria Concepción	Martín Sánchez	NIF	46869685D	1980-10-30	Av/ Niceto Alcala Zamora 11, portal E piso 3 D	28050	Madrid	Madrid	SI	NO QUIERE	616825219		mcms6@hotmail.com		10	10	Mensual	Del 1 al 5	Domiciliación	Cuota	GRACIAS POR TU AYUDA - Fundación Aladina		Maria Concepción Martín Sánchez - Domiciliación		\N	Socio	\N	2011-03-11	2532	Diego Pulido Marqués	femenino	ES8000494437612410028838	Maria Concepción Martín Sánchez - Socio	
213	Dña.	F2F Boost Impact (Madrid)	F2F	Sara	Cortes Hernandez	NIF	53405060A	1979-05-30	C/Emilio Arrieta 5,77	28706	Madrid	Madrid	SI	NO QUIERE	639345605		saracortes@telefonica.net		15	15	Mensual	Del 1 al 5	Domiciliación	Cuota	GRACIAS POR TU AYUDA - Fundación Aladina		Sara Cortes Hernandez - Domiciliación		\N	Socio	\N	2011-03-11	2531	David Torres Martín	femenino	ES2514650100951703697975	Sara Cortes Hernandez - Socio	
214	D.	F2F Boost Impact (Madrid)	F2F	Enrique	Rodríguez Jimenez	NIF	08034458Y	1970-08-28	C/Alcade Redondo Aceña 2, portal 6 3B	28050	Madrid	Madrid	SI	NO QUIERE	629239665		qrodriguezj@gmail.com		10	10	Mensual	Del 1 al 5	Domiciliación	Cuota	GRACIAS POR TU AYUDA - Fundación Aladina		Enrique Rodríguez Jimenez - Domiciliación		\N	Socio	\N	2011-03-11	2531	David Torres Martín	masculino	ES4900490803382010371627	Enrique Rodríguez Jimenez - Socio	
215	D.	F2F Boost Impact (Madrid)	F2F	Mariano	Lozano Suárez	NIF	11736192M	1966-04-08	Av/ Niceto Alcala Zamora 91, portal I piso 6 A	28050	Madrid	Madrid	SI	NO QUIERE	619744540		mlozanos.mls@gmail.com		20		Mensual	Del 1 al 5	Domiciliación	Cuota	GRACIAS POR TU AYUDA - Fundación Aladina		Mariano Lozano Suárez - Domiciliación		\N	Socio	\N	2011-03-11	2532	Diego Pulido Marqués	masculino	ES7521003533571300136212	Mariano Lozano Suárez - Socio	Llamar de bienvenida por la tarde, no por la mañana.
216	Dña.	F2F Boost Impact (Madrid)	F2F	Marta	Mendez Rodriguez	NIF	34989254K	1978-09-15	C/ Arturo Soria 310, piso 17 B	28033	Madrid	Madrid	SI	NO QUIERE	629846192		martamendez091113@gmail.com		20		Mensual	El 11	Domiciliación	Cuota	GRACIAS POR TU AYUDA - Fundación Aladina		Marta Mendez Rodriguez - Domiciliación		\N	Socio	\N	2011-03-11	2532	Diego Pulido Marqués	femenino	ES4701280150110100028806	Marta Mendez Rodriguez - Socio	
217	D.	F2F Boost Impact (Madrid)	F2F	Juan Carlos	Cubeiro Villar	NIF	35059815H	1964-07-03	Av/ Del Ingeniero Emilio Herrera 9, bloque B, piso 5A	28050	Madrid	Madrid	SI	NO QUIERE	650388527		jcubeirovillar@gmail.com		20		Mensual	Del 25 al 30	Domiciliación	Cuota	GRACIAS POR TU AYUDA - Fundación Aladina		Juan Carlos Cubeiro Villar - Domiciliación		\N	Socio	\N	2011-03-11	2532	Diego Pulido Marqués	masculino	ES5200750125410600808347	Juan Carlos Cubeiro Villar - Socio	
218	D.	F2F Boost Impact (Madrid)	F2F	Marcos	Domínguez López	NIF	71440883P	1983-06-16	Avda Isabel de Valois 992B	28050	Madrid	Madrid	SI	NO QUIERE	636097706		markitos8@gmail.com		30		Trimestral	Del 1 al 5	Domiciliación	Cuota	GRACIAS POR TU AYUDA - Fundación Aladina		Marcos Domínguez López  - Domiciliación		\N	Socio	\N	2011-03-11	2531	David Torres Martín	masculino	ES1320955114581074218289	Marcos Domínguez López  - Socio	
219	D.	F2F Boost Impact (Madrid)	F2F	Jorge	Zugasti Itoiz	NIF	72707662Q	1980-11-20	C/Vicente Blasco Ubañez 47, 4A	28050	Madrid	Madrid	SI	NO QUIERE	633019307		jorgezugasti@yahoo.es		15	15	Mensual	Del 1 al 5	Domiciliación	Cuota	GRACIAS POR TU AYUDA - Fundación Aladina		Jorge Zugasti Itoiz - Domiciliación		\N	Socio	\N	2011-03-11	2531	David Torres Martín	masculino	ES4701825000800201796514	Jorge Zugasti Itoiz - Socio	
220	D.	F2F Boost Impact (Madrid)	F2F	Jorge	Zugasti Itoiz	NIF	72707662Q	1980-11-20	C/Vicente Blasco Ibáñez 47,4A	28050	Madrid	Madrid	SI	NO QUIERE	633019307		jorgezugasti@yahoo.es		15	15	Mensual	Del 1 al 5	Domiciliación	Cuota	GRACIAS POR TU AYUDA - Fundación Aladina		Jorge Zugasti Itoiz - Domiciliación		\N	Socio	\N	2011-03-11	2531	David Torres Martín	masculino	ES4701825000800201796514	Jorge Zugasti Itoiz - Socio	
\.


--
-- Name: auth_group_id_seq; Type: SEQUENCE SET; Schema: public; Owner: postgresuser
--

SELECT pg_catalog.setval('public.auth_group_id_seq', 1, false);


--
-- Name: auth_group_permissions_id_seq; Type: SEQUENCE SET; Schema: public; Owner: postgresuser
--

SELECT pg_catalog.setval('public.auth_group_permissions_id_seq', 1, false);


--
-- Name: auth_permission_id_seq; Type: SEQUENCE SET; Schema: public; Owner: postgresuser
--

SELECT pg_catalog.setval('public.auth_permission_id_seq', 28, true);


--
-- Name: auth_user_groups_id_seq; Type: SEQUENCE SET; Schema: public; Owner: postgresuser
--

SELECT pg_catalog.setval('public.auth_user_groups_id_seq', 1, false);


--
-- Name: auth_user_id_seq; Type: SEQUENCE SET; Schema: public; Owner: postgresuser
--

SELECT pg_catalog.setval('public.auth_user_id_seq', 1, false);


--
-- Name: auth_user_user_permissions_id_seq; Type: SEQUENCE SET; Schema: public; Owner: postgresuser
--

SELECT pg_catalog.setval('public.auth_user_user_permissions_id_seq', 1, false);


--
-- Name: django_admin_log_id_seq; Type: SEQUENCE SET; Schema: public; Owner: postgresuser
--

SELECT pg_catalog.setval('public.django_admin_log_id_seq', 1, false);


--
-- Name: django_content_type_id_seq; Type: SEQUENCE SET; Schema: public; Owner: postgresuser
--

SELECT pg_catalog.setval('public.django_content_type_id_seq', 7, true);


--
-- Name: django_migrations_id_seq; Type: SEQUENCE SET; Schema: public; Owner: postgresuser
--

SELECT pg_catalog.setval('public.django_migrations_id_seq', 30, true);


--
-- Name: formulario_formulario_id_seq; Type: SEQUENCE SET; Schema: public; Owner: postgresuser
--

SELECT pg_catalog.setval('public.formulario_formulario_id_seq', 220, true);


--
-- Name: auth_group auth_group_name_key; Type: CONSTRAINT; Schema: public; Owner: postgresuser
--

ALTER TABLE ONLY public.auth_group
    ADD CONSTRAINT auth_group_name_key UNIQUE (name);


--
-- Name: auth_group_permissions auth_group_permissions_group_id_permission_id_0cd325b0_uniq; Type: CONSTRAINT; Schema: public; Owner: postgresuser
--

ALTER TABLE ONLY public.auth_group_permissions
    ADD CONSTRAINT auth_group_permissions_group_id_permission_id_0cd325b0_uniq UNIQUE (group_id, permission_id);


--
-- Name: auth_group_permissions auth_group_permissions_pkey; Type: CONSTRAINT; Schema: public; Owner: postgresuser
--

ALTER TABLE ONLY public.auth_group_permissions
    ADD CONSTRAINT auth_group_permissions_pkey PRIMARY KEY (id);


--
-- Name: auth_group auth_group_pkey; Type: CONSTRAINT; Schema: public; Owner: postgresuser
--

ALTER TABLE ONLY public.auth_group
    ADD CONSTRAINT auth_group_pkey PRIMARY KEY (id);


--
-- Name: auth_permission auth_permission_content_type_id_codename_01ab375a_uniq; Type: CONSTRAINT; Schema: public; Owner: postgresuser
--

ALTER TABLE ONLY public.auth_permission
    ADD CONSTRAINT auth_permission_content_type_id_codename_01ab375a_uniq UNIQUE (content_type_id, codename);


--
-- Name: auth_permission auth_permission_pkey; Type: CONSTRAINT; Schema: public; Owner: postgresuser
--

ALTER TABLE ONLY public.auth_permission
    ADD CONSTRAINT auth_permission_pkey PRIMARY KEY (id);


--
-- Name: auth_user_groups auth_user_groups_pkey; Type: CONSTRAINT; Schema: public; Owner: postgresuser
--

ALTER TABLE ONLY public.auth_user_groups
    ADD CONSTRAINT auth_user_groups_pkey PRIMARY KEY (id);


--
-- Name: auth_user_groups auth_user_groups_user_id_group_id_94350c0c_uniq; Type: CONSTRAINT; Schema: public; Owner: postgresuser
--

ALTER TABLE ONLY public.auth_user_groups
    ADD CONSTRAINT auth_user_groups_user_id_group_id_94350c0c_uniq UNIQUE (user_id, group_id);


--
-- Name: auth_user auth_user_pkey; Type: CONSTRAINT; Schema: public; Owner: postgresuser
--

ALTER TABLE ONLY public.auth_user
    ADD CONSTRAINT auth_user_pkey PRIMARY KEY (id);


--
-- Name: auth_user_user_permissions auth_user_user_permissions_pkey; Type: CONSTRAINT; Schema: public; Owner: postgresuser
--

ALTER TABLE ONLY public.auth_user_user_permissions
    ADD CONSTRAINT auth_user_user_permissions_pkey PRIMARY KEY (id);


--
-- Name: auth_user_user_permissions auth_user_user_permissions_user_id_permission_id_14a6b632_uniq; Type: CONSTRAINT; Schema: public; Owner: postgresuser
--

ALTER TABLE ONLY public.auth_user_user_permissions
    ADD CONSTRAINT auth_user_user_permissions_user_id_permission_id_14a6b632_uniq UNIQUE (user_id, permission_id);


--
-- Name: auth_user auth_user_username_key; Type: CONSTRAINT; Schema: public; Owner: postgresuser
--

ALTER TABLE ONLY public.auth_user
    ADD CONSTRAINT auth_user_username_key UNIQUE (username);


--
-- Name: django_admin_log django_admin_log_pkey; Type: CONSTRAINT; Schema: public; Owner: postgresuser
--

ALTER TABLE ONLY public.django_admin_log
    ADD CONSTRAINT django_admin_log_pkey PRIMARY KEY (id);


--
-- Name: django_content_type django_content_type_app_label_model_76bd3d3b_uniq; Type: CONSTRAINT; Schema: public; Owner: postgresuser
--

ALTER TABLE ONLY public.django_content_type
    ADD CONSTRAINT django_content_type_app_label_model_76bd3d3b_uniq UNIQUE (app_label, model);


--
-- Name: django_content_type django_content_type_pkey; Type: CONSTRAINT; Schema: public; Owner: postgresuser
--

ALTER TABLE ONLY public.django_content_type
    ADD CONSTRAINT django_content_type_pkey PRIMARY KEY (id);


--
-- Name: django_migrations django_migrations_pkey; Type: CONSTRAINT; Schema: public; Owner: postgresuser
--

ALTER TABLE ONLY public.django_migrations
    ADD CONSTRAINT django_migrations_pkey PRIMARY KEY (id);


--
-- Name: django_session django_session_pkey; Type: CONSTRAINT; Schema: public; Owner: postgresuser
--

ALTER TABLE ONLY public.django_session
    ADD CONSTRAINT django_session_pkey PRIMARY KEY (session_key);


--
-- Name: formulario_formulario formulario_formulario_pkey; Type: CONSTRAINT; Schema: public; Owner: postgresuser
--

ALTER TABLE ONLY public.formulario_formulario
    ADD CONSTRAINT formulario_formulario_pkey PRIMARY KEY (id);


--
-- Name: auth_group_name_a6ea08ec_like; Type: INDEX; Schema: public; Owner: postgresuser
--

CREATE INDEX auth_group_name_a6ea08ec_like ON public.auth_group USING btree (name varchar_pattern_ops);


--
-- Name: auth_group_permissions_group_id_b120cbf9; Type: INDEX; Schema: public; Owner: postgresuser
--

CREATE INDEX auth_group_permissions_group_id_b120cbf9 ON public.auth_group_permissions USING btree (group_id);


--
-- Name: auth_group_permissions_permission_id_84c5c92e; Type: INDEX; Schema: public; Owner: postgresuser
--

CREATE INDEX auth_group_permissions_permission_id_84c5c92e ON public.auth_group_permissions USING btree (permission_id);


--
-- Name: auth_permission_content_type_id_2f476e4b; Type: INDEX; Schema: public; Owner: postgresuser
--

CREATE INDEX auth_permission_content_type_id_2f476e4b ON public.auth_permission USING btree (content_type_id);


--
-- Name: auth_user_groups_group_id_97559544; Type: INDEX; Schema: public; Owner: postgresuser
--

CREATE INDEX auth_user_groups_group_id_97559544 ON public.auth_user_groups USING btree (group_id);


--
-- Name: auth_user_groups_user_id_6a12ed8b; Type: INDEX; Schema: public; Owner: postgresuser
--

CREATE INDEX auth_user_groups_user_id_6a12ed8b ON public.auth_user_groups USING btree (user_id);


--
-- Name: auth_user_user_permissions_permission_id_1fbb5f2c; Type: INDEX; Schema: public; Owner: postgresuser
--

CREATE INDEX auth_user_user_permissions_permission_id_1fbb5f2c ON public.auth_user_user_permissions USING btree (permission_id);


--
-- Name: auth_user_user_permissions_user_id_a95ead1b; Type: INDEX; Schema: public; Owner: postgresuser
--

CREATE INDEX auth_user_user_permissions_user_id_a95ead1b ON public.auth_user_user_permissions USING btree (user_id);


--
-- Name: auth_user_username_6821ab7c_like; Type: INDEX; Schema: public; Owner: postgresuser
--

CREATE INDEX auth_user_username_6821ab7c_like ON public.auth_user USING btree (username varchar_pattern_ops);


--
-- Name: django_admin_log_content_type_id_c4bce8eb; Type: INDEX; Schema: public; Owner: postgresuser
--

CREATE INDEX django_admin_log_content_type_id_c4bce8eb ON public.django_admin_log USING btree (content_type_id);


--
-- Name: django_admin_log_user_id_c564eba6; Type: INDEX; Schema: public; Owner: postgresuser
--

CREATE INDEX django_admin_log_user_id_c564eba6 ON public.django_admin_log USING btree (user_id);


--
-- Name: django_session_expire_date_a5c62663; Type: INDEX; Schema: public; Owner: postgresuser
--

CREATE INDEX django_session_expire_date_a5c62663 ON public.django_session USING btree (expire_date);


--
-- Name: django_session_session_key_c0390e0f_like; Type: INDEX; Schema: public; Owner: postgresuser
--

CREATE INDEX django_session_session_key_c0390e0f_like ON public.django_session USING btree (session_key varchar_pattern_ops);


--
-- Name: auth_group_permissions auth_group_permissio_permission_id_84c5c92e_fk_auth_perm; Type: FK CONSTRAINT; Schema: public; Owner: postgresuser
--

ALTER TABLE ONLY public.auth_group_permissions
    ADD CONSTRAINT auth_group_permissio_permission_id_84c5c92e_fk_auth_perm FOREIGN KEY (permission_id) REFERENCES public.auth_permission(id) DEFERRABLE INITIALLY DEFERRED;


--
-- Name: auth_group_permissions auth_group_permissions_group_id_b120cbf9_fk_auth_group_id; Type: FK CONSTRAINT; Schema: public; Owner: postgresuser
--

ALTER TABLE ONLY public.auth_group_permissions
    ADD CONSTRAINT auth_group_permissions_group_id_b120cbf9_fk_auth_group_id FOREIGN KEY (group_id) REFERENCES public.auth_group(id) DEFERRABLE INITIALLY DEFERRED;


--
-- Name: auth_permission auth_permission_content_type_id_2f476e4b_fk_django_co; Type: FK CONSTRAINT; Schema: public; Owner: postgresuser
--

ALTER TABLE ONLY public.auth_permission
    ADD CONSTRAINT auth_permission_content_type_id_2f476e4b_fk_django_co FOREIGN KEY (content_type_id) REFERENCES public.django_content_type(id) DEFERRABLE INITIALLY DEFERRED;


--
-- Name: auth_user_groups auth_user_groups_group_id_97559544_fk_auth_group_id; Type: FK CONSTRAINT; Schema: public; Owner: postgresuser
--

ALTER TABLE ONLY public.auth_user_groups
    ADD CONSTRAINT auth_user_groups_group_id_97559544_fk_auth_group_id FOREIGN KEY (group_id) REFERENCES public.auth_group(id) DEFERRABLE INITIALLY DEFERRED;


--
-- Name: auth_user_groups auth_user_groups_user_id_6a12ed8b_fk_auth_user_id; Type: FK CONSTRAINT; Schema: public; Owner: postgresuser
--

ALTER TABLE ONLY public.auth_user_groups
    ADD CONSTRAINT auth_user_groups_user_id_6a12ed8b_fk_auth_user_id FOREIGN KEY (user_id) REFERENCES public.auth_user(id) DEFERRABLE INITIALLY DEFERRED;


--
-- Name: auth_user_user_permissions auth_user_user_permi_permission_id_1fbb5f2c_fk_auth_perm; Type: FK CONSTRAINT; Schema: public; Owner: postgresuser
--

ALTER TABLE ONLY public.auth_user_user_permissions
    ADD CONSTRAINT auth_user_user_permi_permission_id_1fbb5f2c_fk_auth_perm FOREIGN KEY (permission_id) REFERENCES public.auth_permission(id) DEFERRABLE INITIALLY DEFERRED;


--
-- Name: auth_user_user_permissions auth_user_user_permissions_user_id_a95ead1b_fk_auth_user_id; Type: FK CONSTRAINT; Schema: public; Owner: postgresuser
--

ALTER TABLE ONLY public.auth_user_user_permissions
    ADD CONSTRAINT auth_user_user_permissions_user_id_a95ead1b_fk_auth_user_id FOREIGN KEY (user_id) REFERENCES public.auth_user(id) DEFERRABLE INITIALLY DEFERRED;


--
-- Name: django_admin_log django_admin_log_content_type_id_c4bce8eb_fk_django_co; Type: FK CONSTRAINT; Schema: public; Owner: postgresuser
--

ALTER TABLE ONLY public.django_admin_log
    ADD CONSTRAINT django_admin_log_content_type_id_c4bce8eb_fk_django_co FOREIGN KEY (content_type_id) REFERENCES public.django_content_type(id) DEFERRABLE INITIALLY DEFERRED;


--
-- Name: django_admin_log django_admin_log_user_id_c564eba6_fk_auth_user_id; Type: FK CONSTRAINT; Schema: public; Owner: postgresuser
--

ALTER TABLE ONLY public.django_admin_log
    ADD CONSTRAINT django_admin_log_user_id_c564eba6_fk_auth_user_id FOREIGN KEY (user_id) REFERENCES public.auth_user(id) DEFERRABLE INITIALLY DEFERRED;


--
-- PostgreSQL database dump complete
--

